Record,New_Recap,BanderID,Band_Number,Species,SampleID,Colors Left Top/Bottom,Colors Right Top/Bottom,Date,Season,Day,Month,Year,OrdDay,Time,Wing,Tail,Tarsus,Fat_Score,BirdMass,BirdAge,How_Aged,Eye,Skull,PCRsex,PCRMorph,Field_Morph,Band_Location,P4_Yes_No,R6_Yes_No,Blood_Yes_No,Images_Yes_No,Spec_Data,P4GenType,P4gen,R6gen,R6GenType,age_r6,age_a1,age_a2,age_a3,Latitude,Longitude,County,State,Comments
1,N,SW,2831-20020,WTSP,W001,RW/YEL,RED/A,12-Oct-20,20.21,12,10,2020,286,840,78,x,NA,1,28.1,AHY,X,NA,NA,M,WS,WS,EMERALD,Y,N,Y,Y,N,1,B,NA,NA,NA,NA,NA,NA,36.53908,-87.36114,Montgomery,TN,
2,N,SW,2831-20022,WTSP,W002,RW/YEL,YEL/A,16-Oct-20,20.21,16,10,2020,290,830,77,75,NA,0,26.1,AHY,X,NA,NA,M,TS,NA,EMERALD,Y,N,Y,Y,N,1,B,basic,NA,NA,NA,NA,NA,36.53908,-87.36114,Montgomery,TN,
3,N,SW,2831-20023,WTSP,W003,RW/YEL,ORG/A,16-Oct-20,20.21,16,10,2020,290,920,75,73,NA,0,25.0,AHY,X,NA,NA,M,WS,WS,EMERALD,Y,N,Y,Y,N,1,B,basic,NA,NA,NA,NA,NA,36.53908,-87.36114,Montgomery,TN,
4,N,SW,2831-20041,WTSP,W004,RW/YEL,GRN/A,22-Oct-20,20.21,22,10,2020,296,1600,71,71,NA,2,26.6,AHY,X,NA,5,F,TS,NA,1616EAST,Y,N,Y,Y,N,1,B,basic,NA,NA,NA,NA,NA,36.51812,-87.31848,Montgomery,TN,
5,N,SW,2831-20043,WTSP,W005,RW/YEL,WHT/A,25-Oct-20,20.21,25,10,2020,299,1210,73,70,NA,3,26.5,HY,X,NA,5,F,TS,NA,1616EAST,Y,N,Y,Y,N,0,J,NA,NA,NA,NA,NA,NA,36.51812,-87.31848,Montgomery,TN,
6,N,SW,2831-20046,WTSP,W006,RW/YEL,DKB/A,25-Oct-20,20.21,25,10,2020,299,1320,76,75,NA,T,27.6,HY,X,NA,5,M,WS,NA,1616EAST,Y,N,Y,Y,N,0,J,NA,NA,NA,NA,NA,NA,36.51812,-87.31848,Montgomery,TN,
7,N,SW,2831-20048,WTSP,W007,RW/YEL,BR/A,28-Oct-20,20.21,28,10,2020,302,740,75,75,NA,1,27.1,AHY,X,NA,6,M,TS,NA,1616EAST,Y,N,Y,Y,N,1,B,NA,NA,NA,NA,NA,NA,36.51812,-87.31848,Montgomery,TN,
8,N,SW,2831-20049,WTSP,W008,RW/RED,RED/A,28-Oct-20,20.21,28,10,2020,302,850,67,x,NA,T,21.0,HY,X,NA,4,F,TS,NA,1616EAST,Y,N,Y,Y,N,0,J,NA,NA,NA,NA,NA,NA,36.51812,-87.31848,Montgomery,TN,initial Sex PCR incorrect; not sure why
9,N,SW,2831-20050,WTSP,W009,RW/RED,YEL/A,28-Oct-20,20.21,28,10,2020,302,850,69,72,NA,2,23.3,AHY,X,NA,6,F,TS,NA,1616EAST,Y,N,Y,Y,N,1,B,NA,NA,NA,NA,NA,NA,36.51812,-87.31848,Montgomery,TN,
10,N,SW,2831-20053,WTSP,W010,RW/RED,ORG/A,31-Oct-20,20.21,31,10,2020,305,850,69,70,NA,2,23.6,AHY,X,NA,NA,F,TS,NA,1616EAST,Y,N,Y,Y,N,1,B,NA,NA,NA,NA,NA,NA,36.51812,-87.31848,Montgomery,TN,
11,N,SW,2831-20060,WTSP,W011,RW/RED,DKB/A,2-Nov-20,20.21,2,11,2020,307,900,76,78,NA,2,27.4,HY,X,NA,5,M,WS,NA,1616EAST,Y,N,Y,Y,N,0,J,NA,NA,NA,NA,NA,NA,36.51812,-87.31848,Montgomery,TN,
12,N,SW,2831-20061,WTSP,W012,RW/RED,GRN/A,2-Nov-20,20.21,2,11,2020,307,930,76,74,NA,1,26.1,HY,X,NA,6,NA,TS,NA,1616EAST,N,N,Y,Y,N,NA,NA,NA,NA,NA,NA,NA,NA,36.51812,-87.31848,Montgomery,TN,
13,N,SW,2831-20062,WTSP,W013,RW/RED,WHT/A,2-Nov-20,20.21,2,11,2020,307,930,75,75,NA,0,25.8,HY,X,NA,5,M,TS,NA,1616EAST,Y,N,Y,Y,N,0,J,NA,NA,NA,NA,NA,NA,36.51812,-87.31848,Montgomery,TN,
14,N,SW,2831-20065,WTSP,W014,none,A,3-Nov-20,20.21,3,11,2020,308,830,77,75,NA,0,NA,HY,X,NA,6,M,WS,NA,EMERALD,Y,N,Y,Y,N,0,J,NA,NA,NA,NA,NA,NA,36.53908,-87.36114,Montgomery,TN,
15,N,SW,2831-20066,WTSP,W015,BW/YEL,RED/A,3-Nov-20,20.21,3,11,2020,308,830,69,70,NA,2,24.0,HY,X,NA,5,F,TS,NA,EMERALD,Y,N,Y,Y,N,0,J,NA,NA,NA,NA,NA,NA,36.53908,-87.36114,Montgomery,TN,
16,N,SW,2831-20067,WTSP,W016,BW/YEL,YEL/A,3-Nov-20,20.21,3,11,2020,308,910,74,77,NA,0,26.6,HY,X,NA,6,M,WS,NA,EMERALD,Y,N,Y,Y,N,0,J,NA,NA,NA,NA,NA,NA,36.53908,-87.36114,Montgomery,TN,
17,N,SW,2831-20068,WTSP,W017,RW/RED,BR/A,3-Nov-20,20.21,3,11,2020,308,920,69,75,NA,0,24.9,HY,X,NA,5,F,TS,NA,EMERALD,Y,N,Y,Y,N,0,J,NA,NA,NA,NA,NA,NA,36.53908,-87.36114,Montgomery,TN,
18,N,SW,2741-45645,WTSP,W018,BW/YEL,ORG/A,5-Nov-20,20.21,5,11,2020,310,1000,69,73,NA,1,23.1,AHY,X,NA,6,F,TS,NA,EMERALD,Y,N,Y,Y,N,1,B,NA,NA,NA,NA,NA,NA,36.53908,-87.36114,Montgomery,TN,
19,N,SW,2831-20074,WTSP,W019,BW/YEL,DKB/A,6-Nov-20,20.21,6,11,2020,311,810,71,71,NA,0,26.0,HY,X,NA,6,M,TS,NA,EMERALD,Y,N,Y,Y,N,0,J,NA,NA,NA,NA,NA,NA,36.53908,-87.36114,Montgomery,TN,
20,N,SW,2831-20075,WTSP,W020,BW/YEL,GRN/A,6-Nov-20,20.21,6,11,2020,311,920,77,75,NA,0,25.9,AHY,X,NA,6,M,WS,NA,EMERALD,Y,N,Y,Y,N,1,B,NA,NA,NA,NA,NA,NA,36.53908,-87.36114,Montgomery,TN,
21,N,SW,2831-20078,WTSP,W021,BW/YEL,WHT/A,7-Nov-20,20.21,7,11,2020,312,730,72,71,NA,3,24.9,HY,X,NA,6,F,TS,NA,1616EAST,Y,N,Y,Y,N,0,J,NA,NA,NA,NA,NA,NA,36.51812,-87.31848,Montgomery,TN,
22,N,SW,2831-20079,WTSP,W022,BW/YEL,BR/A,7-Nov-20,20.21,7,11,2020,312,840,69,65,NA,0,23.6,HY,X,NA,5,F,TS,NA,1616EAST,Y,N,Y,Y,N,0,J,NA,NA,NA,NA,NA,NA,36.51812,-87.31848,Montgomery,TN,
23,N,SW,2831-20081,WTSP,W023,BW/RED,RED/A,7-Nov-20,20.21,7,11,2020,312,940,75,76,NA,1,26.3,HY,X,NA,6,M,TS,NA,1616EAST,Y,N,Y,Y,N,0,J,NA,NA,NA,NA,NA,NA,36.51812,-87.31848,Montgomery,TN,
24,N,SW,2831-20082,WTSP,W024,BW/RED,YEL/A,7-Nov-20,20.21,7,11,2020,312,940,75,75,NA,2,25.5,AHY,X,NA,6,M,WS,NA,1616EAST,Y,N,Y,Y,N,1,B,NA,NA,NA,NA,NA,NA,36.51812,-87.31848,Montgomery,TN,
25,N,SW,2831-20083,WTSP,W025,BW/RED,ORG/A,7-Nov-20,20.21,7,11,2020,312,940,70,68,NA,0,23.4,HY,X,NA,6,F,WS,NA,1616EAST,Y,N,Y,Y,N,0,J,NA,NA,NA,NA,NA,NA,36.51812,-87.31848,Montgomery,TN,
26,N,SW,2831-20084,WTSP,W026,BW/RED,DKB/A,10-Nov-20,20.21,10,11,2020,315,710,67,67,NA,0,22.2,HY,X,NA,4,F,WS,NA,1616EAST,Y,N,Y,Y,N,0,J,NA,NA,NA,NA,NA,NA,36.51812,-87.31848,Montgomery,TN,initial Sex PCR incorrect; not sure why
27,N,SW,2831-20086,WTSP,W027,BW/RED,GRN/A,10-Nov-20,20.21,10,11,2020,315,800,78,x,NA,0,25.5,AHY,X,NA,6,M,WS,NA,1616EAST,Y,N,Y,Y,N,1,B,NA,NA,NA,NA,NA,NA,36.51812,-87.31848,Montgomery,TN,
28,N,SW,2831-20087,WTSP,W028,BW/RED,WHT/A,10-Nov-20,20.21,10,11,2020,315,840,67,73,NA,0,23.2,HY,X,NA,4,F,TS,NA,1616EAST,Y,N,Y,Y,N,0,J,NA,NA,NA,NA,NA,NA,36.51812,-87.31848,Montgomery,TN,initial Sex PCR incorrect; not sure why
29,N,SW,2831-20088,WTSP,W029,BW/RED,BR/A,10-Nov-20,20.21,10,11,2020,315,840,69,71,NA,1,24.1,HY,X,NA,4,F,WS,NA,1616EAST,Y,N,Y,Y,N,0,J,NA,NA,NA,NA,NA,NA,36.51812,-87.31848,Montgomery,TN,
30,N,SW,2831-20090,WTSP,W030,YEL/RW,RED/A,13-Nov-20,20.21,13,11,2020,318,820,72,72,NA,2,25.0,HY,X,NA,6,M,WS,NA,EMERALD,Y,N,Y,Y,N,0,J,NA,NA,NA,NA,NA,NA,36.53908,-87.36114,Montgomery,TN,
31,N,SW,2831-20092,WTSP,W031,YEL/RW,YEL/A,13-Nov-20,20.21,13,11,2020,318,1040,75,73,NA,2,28.0,HY,X,NA,5,M,WS,NA,EMERALD,Y,N,Y,Y,N,0,J,NA,NA,NA,NA,NA,NA,36.53908,-87.36114,Montgomery,TN,
32,N,SW,2831-20099,WTSP,W032,YEL/RW,ORG/A,20-Nov-20,20.21,20,11,2020,325,820,75,74,NA,0,24.0,HY,X,NA,6,M,WS,NA,EMERALD,Y,N,Y,Y,N,0,J,NA,NA,NA,NA,NA,NA,36.53908,-87.36114,Montgomery,TN,
33,N,SW,2831-20100,WTSP,W033,YEL/RW,DKB/A,20-Nov-20,20.21,20,11,2020,325,820,72,73,NA,0,27.0,HY,X,NA,6,M,TS,NA,EMERALD,Y,N,Y,Y,N,0,J,NA,NA,NA,NA,NA,NA,36.53908,-87.36114,Montgomery,TN,
34,N,SW,2831-20102,WTSP,W034,YEL/RW,GRN/A,20-Nov-20,20.21,20,11,2020,325,1050,75,75,NA,0,27.5,HY,X,dull,5,M,WS,NA,EMERALD,Y,N,Y,Y,N,0,J,NA,NA,NA,NA,NA,NA,36.53908,-87.36114,Montgomery,TN,
35,N,SW,2831-20103,WTSP,W035,YEL/RW,WHT/A,20-Nov-20,20.21,20,11,2020,325,1200,73,77,NA,0,26.0,HY,X,dull,5,M,TS,NA,EMERALD,Y,N,Y,Y,N,0,J,NA,NA,NA,NA,NA,NA,36.53908,-87.36114,Montgomery,TN,
36,N,SW,2831-20104,WTSP,W036,YEL/BW,RED/A,20-Nov-20,20.21,20,11,2020,325,1200,69,72,NA,2,27.0,AHY,X,medium,6,F,TS,NA,EMERALD,Y,N,Y,Y,N,1,B,NA,NA,NA,NA,NA,NA,36.53908,-87.36114,Montgomery,TN,
37,N,SW,2831-20105,WTSP,W037,YEL/BW,YEL/A,20-Nov-20,20.21,20,11,2020,325,1200,74,75,NA,0,28.2,HY,X,dull,6,M,TS,NA,EMERALD,Y,N,Y,Y,N,0,J,NA,NA,NA,NA,NA,NA,36.53908,-87.36114,Montgomery,TN,
38,N,SW,2831-20106,WTSP,W038,YEL/BW,DKB/A,21-Nov-20,20.21,21,11,2020,326,700,75,75,NA,0,26.9,HY,X,medium,5,M,WS,NA,1616EAST,Y,N,Y,Y,N,0,J,NA,NA,NA,NA,NA,NA,36.51812,-87.31848,Montgomery,TN,
39,N,SW,2831-20107,WTSP,W039,YEL/BW,ORG/A,21-Nov-20,20.21,21,11,2020,326,730,68,71,NA,1,22.7,HY,X,dull,6,F,TS,NA,1616EAST,Y,N,Y,Y,N,0,J,NA,NA,NA,NA,NA,NA,36.51812,-87.31848,Montgomery,TN,
40,N,SW,2831-20108,WTSP,W040,YEL/BW,GRN/A,21-Nov-20,20.21,21,11,2020,326,730,75,76,NA,3,26.8,HY,X,medium,5,M,WS,NA,1616EAST,Y,N,Y,Y,N,0,J,NA,NA,NA,NA,NA,NA,36.51812,-87.31848,Montgomery,TN,
41,N,SW,2831-20109,WTSP,W041,YEL/BW,WHT/A,27-Nov-20,20.21,27,11,2020,332,1130,72,72,NA,2,27.1,AHY,X,rich,6,F,WS,NA,1616EAST,Y,N,Y,Y,N,1,B,NA,NA,NA,NA,NA,NA,36.51812,-87.31848,Montgomery,TN,
42,N,SW,2831-20110,WTSP,W042,RW/DKB,DKB/A,27-Nov-20,20.21,27,11,2020,332,1130,73,71,NA,0,26.0,HY,X,dull,4,M,WS,NA,1616EAST,Y,N,Y,Y,N,0,J,NA,NA,NA,NA,NA,NA,36.51812,-87.31848,Montgomery,TN,tail basic but fresh
43,N,SW,2831-20111,WTSP,W043,RW/ORG,DKB/A,27-Nov-20,20.21,27,11,2020,332,1130,73,74,NA,2,26.2,HY,X,dull,6,M,TS,NA,1616EAST,Y,N,Y,Y,N,0,J,NA,NA,NA,NA,NA,NA,36.51812,-87.31848,Montgomery,TN,
44,N,SW,2831-20112,WTSP,W044,RW/WHT,DKB/A,27-Nov-20,20.21,27,11,2020,332,1130,73,74,NA,t,25.7,HY,X,dull,4,F,WS,NA,1616EAST,Y,N,Y,Y,N,0,J,NA,NA,NA,NA,NA,NA,36.51812,-87.31848,Montgomery,TN,
45,N,SW,2831-20113,WTSP,W045,RW/GRN,DKB/A,27-Nov-20,20.21,27,11,2020,332,1230,74,77,NA,1,28.2,HY,X,dull,4,M,TS,NA,1616EAST,Y,N,Y,Y,N,0,J,NA,NA,NA,NA,NA,NA,36.51812,-87.31848,Montgomery,TN,
46,N,SW,2831-20114,WTSP,W046,WL/RED,DKB/A,27-Nov-20,20.21,27,11,2020,332,1320,72,73,NA,2,28.0,HY,X,medium,6,M,WS,NA,1616EAST,Y,N,Y,Y,N,0,J,NA,NA,NA,NA,NA,NA,36.51812,-87.31848,Montgomery,TN,
47,R,SW,2831-20046,WTSP,W006,RW/YEL,DKB/A,10-Dec-20,20.21,10,12,2020,345,1530,NA,x,NA,3,29.5,HY,X,rich,NA,M,WS,NA,1616EAST,Y,N,Y,Y,N,2,B,NA,NA,NA,NA,NA,NA,36.51812,-87.31848,Montgomery,TN,p4 fully grown; resampled
48,R,SW,2831-20078,WTSP,W021,BW/YEL,WHT/A,10-Dec-20,20.21,10,12,2020,345,1500,NA,x,NA,4,27.9,HY,X,medium,NA,F,TS,NA,1616EAST,Y,N,N,Y,N,2,B,NA,NA,NA,NA,NA,NA,36.51812,-87.31848,Montgomery,TN,p4 fully grown; resampled
49,R,SW,2831-20087,WTSP,W028,BW/RED,WHT/A,10-Dec-20,20.21,10,12,2020,345,1500,NA,x,NA,3,25.7,HY,X,dull,NA,M,TS,NA,1616EAST,Y,N,N,Y,N,2,B,NA,NA,NA,NA,NA,NA,36.51812,-87.31848,Montgomery,TN,p4 fully grown; resampled
50,N,SW,2831-20117,WTSP,W047,WL/RED,RED/A,10-Dec-20,20.21,10,12,2020,345,1430,73,75,NA,2,29.2,HY,X,dull,6,M,WS,NA,1616EAST,Y,N,Y,Y,N,0,J,NA,NA,NA,NA,NA,NA,36.51812,-87.31848,Montgomery,TN,
51,N,SW,2831-20118,WTSP,W048,WL/RED,YEL/A,10-Dec-20,20.21,10,12,2020,345,1500,74,72,NA,4,30.1,HY,X,medium,6,M,WS,NA,1616EAST,Y,N,Y,Y,N,0,J,NA,NA,NA,NA,NA,NA,36.51812,-87.31848,Montgomery,TN,
52,R,SW,2831-20110,WTSP,W042,RW/DKB,DKB/A,12-Dec-20,20.21,10,12,2020,347,1030,NA,x,NA,NA,NA,HY,X,NA,NA,M,WS,NA,1616EAST,N,N,N,N,N,NA,NA,NA,NA,NA,NA,NA,NA,36.51812,-87.31848,Montgomery,TN,p4 half-grown; not sampled
53,N,SW,2831-20119,WTSP,W049,WL/RED,ORG/A,12-Dec-20,20.21,10,12,2020,347,1000,75,77,NA,2,30.2,HY,X,dull,5,M,WS,NA,1616EAST,Y,N,Y,Y,N,0,J,NA,NA,NA,NA,NA,NA,36.51812,-87.31848,Montgomery,TN,
54,N,SW,2831-20120,WTSP,W050,WL/RED,GRN/A,12-Dec-20,20.21,10,12,2020,347,1000,73,74,NA,2,26.9,HY,X,dull,5,M,TS,NA,1616EAST,Y,N,Y,Y,N,0,J,NA,NA,NA,NA,NA,NA,36.51812,-87.31848,Montgomery,TN,
55,N,SW,2831-20121,WTSP,W051,WL/RED,WHT/A,12-Dec-20,20.21,10,12,2020,347,1030,72,71,NA,1,27.7,HY,X,dull,5,M,TS,NA,1616EAST,Y,N,Y,Y,N,0,J,NA,NA,NA,NA,NA,NA,36.51812,-87.31848,Montgomery,TN,
56,N,SW,2831-20122,WTSP,W052,WL/RED,BR/A,12-Dec-20,20.21,10,12,2020,347,1140,71,71,NA,2,26.5,HY,X,dull,6,F,WS,NA,1616EAST,Y,N,Y,Y,N,0,J,NA,NA,NA,NA,NA,NA,36.51812,-87.31848,Montgomery,TN,
57,R,SW,2831-20111,WTSP,W043,RW/ORG,DKB/A,5-Mar-21,20.21,5,3,2021,64,1550,71,73,NA,3,28.3,SY,X,NA,NA,M,TS,NA,1616EAST,Y,N,N,Y,N,2,B,NA,NA,NA,NA,NA,NA,36.51812,-87.31848,Montgomery,TN,
58,N,SW,2831-20125,WTSP,W053,GRN/WR,RED/A,5-Mar-21,20.21,5,3,2021,64,1420,74,71,NA,3,26.9,SY,X,NA,NA,M,TS,NA,1616EAST,Y,N,Y,Y,N,0,J,NA,NA,NA,NA,NA,NA,36.51812,-87.31848,Montgomery,TN,
59,N,SW,2831-20126,WTSP,W054,GRN/WR,YEL/A,5-Mar-21,20.21,5,3,2021,64,1440,71,75,NA,2,27.8,SY,X,NA,NA,M,TS,NA,1616EAST,X,N,Y,Y,N,0,J,NA,NA,NA,NA,NA,NA,36.51812,-87.31848,Montgomery,TN,"based on recap: this is Rp5, not Rp4"
60,N,SW,2831-20127,WTSP,W055,GRN/WR,ORG/A,5-Mar-21,20.21,5,3,2021,64,1500,66,70,NA,5,25.4,SY,X,NA,NA,F,WS,NA,1616EAST,Y,N,Y,Y,N,0,J,NA,NA,NA,NA,NA,NA,36.51812,-87.31848,Montgomery,TN,
61,N,SW,2831-20128,WTSP,W056,GRN/WR,DKB/A,5-Mar-21,20.21,5,3,2021,64,1520,76,75,NA,3,28.6,SY,X,NA,NA,M,WS,NA,1616EAST,Y,N,Y,Y,N,0,J,NA,NA,NA,NA,NA,NA,36.51812,-87.31848,Montgomery,TN,
62,N,SW,2831-20130,WTSP,W057,GRN/WR,GRN/A,5-Mar-21,20.21,5,3,2021,64,1540,71,72,NA,3,28.3,SY,X,NA,NA,M,TS,NA,1616EAST,Y,N,Y,Y,N,0,J,NA,NA,NA,NA,NA,NA,36.51812,-87.31848,Montgomery,TN,
63,N,SW,2831-20131,WTSP,W058,GRN/WR,WHT/A,5-Mar-21,20.21,5,3,2021,64,1550,75,75,NA,4,28.6,SY,X,NA,NA,M,WS,NA,1616EAST,Y,N,Y,Y,N,0,J,NA,NA,NA,NA,NA,NA,36.51812,-87.31848,Montgomery,TN,
64,N,SW,2831-20132,WTSP,W059,ORG/WL,RED/A,5-Mar-21,20.21,5,3,2021,64,1550,74,71,NA,5,26.8,SY,X,NA,NA,M,WS,NA,1616EAST,Y,N,Y,Y,N,0,J,NA,NA,NA,NA,NA,NA,36.51812,-87.31848,Montgomery,TN,
65,N,SW,2831-20133,WTSP,W060,ORG/WL,YEL/A,5-Mar-21,20.21,5,3,2021,64,1615,70,70,NA,3,25.3,SY,X,NA,NA,F,WS,NA,1616EAST,Y,N,Y,Y,N,0,J,NA,NA,NA,NA,NA,NA,36.51812,-87.31848,Montgomery,TN,
66,N,SW,2831-20134,WTSP,W061,ORG/WL,ORG/A,5-Mar-21,20.21,5,3,2021,64,1650,73,75,NA,5,30.2,SY,X,NA,NA,M,TS,NA,1616EAST,Y,N,Y,Y,N,0,J,NA,NA,NA,NA,NA,NA,36.51812,-87.31848,Montgomery,TN,
67,N,SW,2831-20135,WTSP,W062,ORG/WL,DKB/A,5-Mar-21,20.21,5,3,2021,64,1650,73,73,NA,4,27.3,SY,X,NA,NA,M,WS,NA,1616EAST,Y,N,Y,Y,N,0,J,NA,NA,NA,NA,NA,NA,36.51812,-87.31848,Montgomery,TN,
68,N,SW,2831-20136,WTSP,W063,ORG/WL,GRN/A,5-Mar-21,20.21,5,3,2021,64,1650,68,68,NA,4,30.0,SY,X,NA,NA,F,WS,NA,1616EAST,Y,N,Y,Y,N,0,J,NA,NA,NA,NA,NA,NA,36.51812,-87.31848,Montgomery,TN,
69,R,SW,2831-20117,WTSP,W047,WL/RED,RED/A,6-Mar-21,20.21,6,3,2021,65,1400,74,75,NA,3,28.1,SY,X,NA,NA,M,WS,NA,1616EAST,Y,N,Y,Y,N,2,B,NA,NA,NA,NA,NA,NA,36.51812,-87.31848,Montgomery,TN,
70,N,SW,2831-20137,WTSP,W064,ORG/WL,WHT/A,6-Mar-21,20.21,6,3,2021,65,910,73,73,NA,2,26.5,SY,X,NA,NA,M,WS,NA,1616EAST,Y,N,Y,Y,N,0,J,NA,NA,NA,NA,NA,NA,36.51812,-87.31848,Montgomery,TN,
71,N,SW,2831-20138,WTSP,W065,ORG/WL,BR/A,6-Mar-21,20.21,6,3,2021,65,1420,74,74,NA,1,27.9,SY,X,NA,NA,M,WS,NA,1616EAST,Y,N,Y,Y,N,0,J,NA,NA,NA,NA,NA,NA,36.51812,-87.31848,Montgomery,TN,
72,N,SW,2831-20140,WTSP,W066,WL/WHT,RED/A,6-Mar-21,20.21,6,3,2021,65,1600,74,76,NA,3,26.8,SY,X,NA,NA,M,TS,NA,1616EAST,Y,N,Y,Y,N,0,J,NA,NA,NA,NA,NA,NA,36.51812,-87.31848,Montgomery,TN,
73,N,SW,2831-20141,WTSP,W067,WL/WHT,ORG/A,7-Mar-21,20.21,7,3,2021,66,900,72,70,NA,3,26.3,SY,X,dull,NA,F,TS,NA,1616EAST,Y,N,Y,Y,N,0,J,NA,NA,NA,NA,NA,NA,36.51812,-87.31848,Montgomery,TN,
74,N,SW,2831-20143,WTSP,W068,WL/WHT,YEL/A,7-Mar-21,20.21,7,3,2021,66,1050,71,75,NA,3,26.0,SY,X,dull,NA,F,TS,NA,1616EAST,Y,N,Y,Y,N,0,J,NA,NA,NA,NA,NA,NA,36.51812,-87.31848,Montgomery,TN,
75,R,SW,2831-20141,WTSP,W067,WL/WHT,ORG/A,20-Mar-21,20.21,20,3,2021,79,730,NA,x,NA,NA,NA,x,X,NA,NA,F,TS,NA,1616EAST,N,N,N,N,N,NA,NA,NA,NA,NA,NA,NA,NA,36.51812,-87.31848,Montgomery,TN,Rp4 half-grown
76,N,SW,2831-20144,WTSP,W069,DKB/A,WL/WHT,20-Mar-21,20.21,20,3,2021,79,740,70,71,NA,0,24.9,SY,X,medium,NA,F,TS,NA,1616EAST,Y,N,Y,Y,N,0,J,NA,NA,NA,NA,NA,NA,36.51812,-87.31848,Montgomery,TN,head molt
77,N,SW,2831-20145,WTSP,W070,WL/WHT,GRN/A,20-Mar-21,20.21,20,3,2021,79,740,73,71,NA,0,26.6,SY,X,rich,NA,M,WS,NA,1616EAST,Y,N,Y,Y,N,0,J,NA,NA,NA,NA,NA,NA,36.51812,-87.31848,Montgomery,TN,WS; head molt
78,N,SW,2831-20146,WTSP,W071,WL/WHT,DKB/A,20-Mar-21,20.21,20,3,2021,79,810,74,73,NA,1,27.2,SY,X,dull,NA,M,WS,NA,1616EAST,Y,N,Y,Y,N,0,J,NA,NA,NA,NA,NA,NA,36.51812,-87.31848,Montgomery,TN,head molt
79,N,SW,2831-20147,WTSP,W072,WL/WHT,WHT/A,20-Mar-21,20.21,20,3,2021,79,840,73,75,NA,0,26.2,SY,X,dull,NA,M,WS,NA,1616EAST,Y,N,Y,Y,N,0,J,NA,NA,NA,NA,NA,NA,36.51812,-87.31848,Montgomery,TN,head molt
80,R,SW,2831-20068,WTSP,W017,RW/RED,BR/A,22-Mar-21,20.21,22,3,2021,81,940,71,70,NA,2,26.4,SY,X,dull,NA,F,TS,NA,EMERALD,?,N,N,Y,N,2,B,NA,NA,NA,NA,NA,NA,36.53908,-87.36114,Montgomery,TN,
81,N,SW,2831-20150,WTSP,W073,RED/A,RW/YEL,22-Mar-21,20.21,22,3,2021,81,920,73,74,NA,2,27.4,ASY,X,medium,NA,M,TS,NA,EMERALD,Y,N,Y,Y,N,1,B,NA,NA,NA,NA,NA,NA,36.53908,-87.36114,Montgomery,TN,
82,N,SW,2831-20151,WTSP,W074,YEL/A,RW/YEL,22-Mar-21,20.21,22,3,2021,81,950,78,78,NA,0,27.8,ASY,X,rich,NA,M,WS,NA,EMERALD,Y,N,Y,Y,N,1,B,NA,NA,NA,NA,NA,NA,36.53908,-87.36114,Montgomery,TN,
83,N,SW,2831-20152,WTSP,W075,ORG/A,RW/YEL,22-Mar-21,20.21,22,3,2021,81,1000,73,72,NA,2,24.2,SY,X,medium,NA,M,WS,NA,EMERALD,Y,N,Y,Y,N,0,J,NA,NA,NA,NA,NA,NA,36.53908,-87.36114,Montgomery,TN,
84,N,SW,2831-20153,WTSP,W076,DKB/A,RW/YEL,22-Mar-21,20.21,22,3,2021,81,1010,73,75,NA,1,27.4,SY,X,medium,NA,M,TS,NA,EMERALD,Y,N,Y,Y,N,0,J,NA,NA,NA,NA,NA,NA,36.53908,-87.36114,Montgomery,TN,
85,N,SW,2831-20154,WTSP,W077,GRN/A,RW/YEL,22-Mar-21,20.21,22,3,2021,81,1020,74,72,NA,2,25.8,SY,X,dull,NA,M,TS,NA,EMERALD,Y,N,Y,Y,N,0,J,NA,NA,NA,NA,NA,NA,36.53908,-87.36114,Montgomery,TN,
86,R,SW,2831-20099,WTSP,W032,YEL/RW,ORG/A,24-Mar-21,20.21,24,3,2021,83,1030,74,74,NA,0,24.6,SY,X,dull,NA,M,WS,NA,EMERALD,Y,N,N,Y,N,2,B,NA,NA,NA,NA,NA,NA,36.53908,-87.36114,Montgomery,TN,
87,N,SW,2831-20156,WTSP,W078,WHT/YEL,RW/A,24-Mar-21,20.21,24,3,2021,83,845,74,74,NA,0,29.2,SY,X,medium,NA,M,TS,NA,EMERALD,Y,N,Y,Y,N,0,J,NA,NA,NA,NA,NA,NA,36.53908,-87.36114,Montgomery,TN,
88,N,SW,2831-20157,WTSP,W079,WHT/A,RW/YEL,24-Mar-21,20.21,24,3,2021,83,900,72,73,NA,0,28.7,SY,X,medium,NA,M,WS,NA,EMERALD,Y,N,Y,Y,N,0,J,NA,NA,NA,NA,NA,NA,36.53908,-87.36114,Montgomery,TN,
89,N,SW,2831-20158,WTSP,W080,RED/A,RW/RED,24-Mar-21,20.21,24,3,2021,83,950,71,73,NA,2,25.4,SY,X,dull,NA,F,WS,NA,EMERALD,Y,N,Y,Y,N,0,J,NA,NA,NA,NA,NA,NA,36.53908,-87.36114,Montgomery,TN,
90,N,SW,2831-20159,WTSP,W081,YEL/A,RW/RED,24-Mar-21,20.21,24,3,2021,83,1020,74,74,NA,1,27.2,SY,X,dull,NA,M,TS,NA,EMERALD,Y,N,Y,Y,N,0,J,NA,NA,NA,NA,NA,NA,36.53908,-87.36114,Montgomery,TN,
91,R,SW,2831-20107,WTSP,W039,YEL/BW,ORG/A,28-Mar-21,20.21,28,3,2021,87,1100,70,73,NA,1,24.0,SY,X,medium,NA,F,TS,NA,1616EAST,Y,N,N,Y,N,2,B,NA,NA,NA,NA,NA,NA,36.51812,-87.31848,Montgomery,TN,TS; head molt
92,R,SW,2831-20110,WTSP,W042,RW/DKB,DKB/A,28-Mar-21,20.21,28,3,2021,87,930,74,70,NA,1,25.9,SY,X,medium,NA,M,WS,NA,1616EAST,Y,N,N,Y,N,2,B,NA,NA,NA,NA,NA,NA,36.51812,-87.31848,Montgomery,TN,
93,R,SW,2831-20117,WTSP,W047,WL/RED,RED/A,28-Mar-21,20.21,28,3,2021,87,1100,72,74,NA,1,27.5,SY,X,medium,NA,M,WS,NA,1616EAST,Y,N,N,Y,N,NA,NA,NA,NA,NA,NA,NA,NA,36.51812,-87.31848,Montgomery,TN,head molt
94,R,SW,2831-20122,WTSP,W052,WL/RED,BR/A,28-Mar-21,20.21,28,3,2021,87,930,72,71,NA,1,26.3,SY,X,dull,NA,F,WS,NA,1616EAST,Y,N,N,Y,N,2,B,NA,NA,NA,NA,NA,NA,36.51812,-87.31848,Montgomery,TN,
95,N,SW,2831-20160,WTSP,W082,ORG/A,RW/RED,28-Mar-21,20.21,28,3,2021,87,930,69,72,NA,2,24.3,SY,X,dull,NA,F,WS,NA,1616EAST,Y,N,Y,Y,N,0,J,NA,NA,NA,NA,NA,NA,36.51812,-87.31848,Montgomery,TN,check age initial capture - ASY?
96,N,SW,2831-20161,WTSP,W083,DKB/A,RW/RED,28-Mar-21,20.21,28,3,2021,87,930,69,70,NA,2,24.0,SY,X,dull,NA,F,TS,NA,1616EAST,Y,N,Y,Y,N,0,J,NA,NA,NA,NA,NA,NA,36.51812,-87.31848,Montgomery,TN,
97,N,SW,2831-20162,WTSP,W084,GRN/A,RW/RED,28-Mar-21,20.21,28,3,2021,87,1100,74,76,NA,2,27.7,SY,X,rich,NA,M,WS,NA,1616EAST,Y,N,Y,Y,N,0,J,NA,NA,NA,NA,NA,NA,36.51812,-87.31848,Montgomery,TN,WS; head molt
98,N,SW,2831-20163,WTSP,W085,WHT/A,RW/RED,28-Mar-21,20.21,28,3,2021,87,1100,67,70,NA,2,25.7,SY,X,dull,NA,F,TS,NA,1616EAST,Y,N,Y,Y,N,0,J,NA,NA,NA,NA,NA,NA,36.51812,-87.31848,Montgomery,TN,TS
99,N,SW,2831-20003,WTSP,W091,RW/RW,ORG/A,3-Apr-21,20.21,3,4,2021,93,1125,72,73,NA,1,26.0,ASY,X,medium,NA,F,TS,NA,1616EAST,Y,N,Y,Y,N,1,B,NA,NA,NA,NA,NA,NA,36.51812,-87.31848,Montgomery,TN,TS; orig. captured 16Mar20 - wasn't color-banding then
100,R,SW,2831-20121,WTSP,W051,WL/RED,WHT/A,3-Apr-21,20.21,3,4,2021,93,1140,75,70,NA,1,26.5,SY,X,NA,NA,M,TS,NA,1616EAST,Y,N,N,Y,N,2,B,NA,NA,NA,NA,NA,NA,36.51812,-87.31848,Montgomery,TN,
101,R,SW,2831-20126,WTSP,W054,GRN/WR,YEL/A,3-Apr-21,20.21,3,4,2021,93,1110,72,72,NA,1,26.3,SY,X,dull,NA,M,TS,NA,1616EAST,Y,N,N,Y,N,2,B,NA,NA,NA,NA,NA,NA,36.51812,-87.31848,Montgomery,TN,wrong primary taken initially
102,R,SW,2831-20127,WTSP,W055,GRN/WR,ORG/A,3-Apr-21,20.21,3,4,2021,93,1110,68,70,NA,1,24.3,SY,X,medium,NA,F,WS,NA,1616EAST,Y,N,N,Y,N,2,B,NA,NA,NA,NA,NA,NA,36.51812,-87.31848,Montgomery,TN,
103,N,SW,2831-20164,WTSP,W086,BR/A,RW/RED,3-Apr-21,20.21,3,4,2021,93,830,69,70,NA,1,24.4,SY,X,dull,NA,NA,NA,NA,1616EAST,Y,N,N,Y,N,0,J,NA,NA,NA,NA,NA,NA,36.51812,-87.31848,Montgomery,TN,TS; head molt
104,N,SW,2831-20165,WTSP,W087,RED/A,BW/YEL,3-Apr-21,20.21,3,4,2021,93,910,68,70,NA,1,23.4,SY,X,medium,NA,F,TS,NA,1616EAST,Y,N,Y,Y,N,0,J,NA,NA,NA,NA,NA,NA,36.51812,-87.31848,Montgomery,TN,TS
105,N,SW,2831-20166,WTSP,W088,YEL/A,BW/YEL,3-Apr-21,20.21,3,4,2021,93,910,74,72,NA,1,29.6,ASY,X,rich,NA,M,TS,NA,1616EAST,Y,N,Y,Y,N,1,B,NA,NA,NA,NA,NA,NA,36.51812,-87.31848,Montgomery,TN,TS; head molt
106,N,SW,2831-20167,WTSP,W089,ORG/A,BW/YEL,3-Apr-21,20.21,3,4,2021,93,910,71,74,NA,1,27.9,SY,X,medium,NA,M,WS,NA,1616EAST,Y,N,Y,Y,N,0,J,NA,NA,NA,NA,NA,NA,36.51812,-87.31848,Montgomery,TN,WS
107,N,SW,2831-20168,WTSP,W090,DKB/A,BW/YEL,3-Apr-21,20.21,3,4,2021,93,1010,72,73,NA,2,28.3,SY,X,dull,NA,M,TS,NA,1616EAST,Y,N,Y,Y,N,0,J,NA,NA,NA,NA,NA,NA,36.51812,-87.31848,Montgomery,TN,
108,R,SW,2831-20125,WTSP,W053,GRN/WR,RED/A,4-Apr-21,20.21,4,4,2021,94,920,73,72,NA,0,26.2,SY,X,medium,NA,M,TS,NA,1616EAST,Y,N,N,Y,N,2,B,NA,NA,NA,NA,NA,NA,36.51812,-87.31848,Montgomery,TN,head molt
109,R,SW,2831-20135,WTSP,W062,ORG/WL,DKB/A,4-Apr-21,20.21,4,4,2021,94,1020,71,73,NA,0,26.3,SY,X,medium,NA,M,WS,NA,1616EAST,N,N,N,Y,N,2,B,NA,NA,NA,NA,NA,NA,36.51812,-87.31848,Montgomery,TN,WS; head molt
110,N,SW,2831-20169,WTSP,W092,GRN/A,BW/YEL,4-Apr-21,20.21,4,4,2021,94,840,75,75,NA,0,26.0,SY,X,medium,NA,M,WS,NA,1616EAST,Y,N,Y,Y,N,0,J,NA,NA,NA,NA,NA,NA,36.51812,-87.31848,Montgomery,TN,WS; head molt
111,N,SW,2831-20170,WTSP,W093,WHT/A,BW/YEL,4-Apr-21,20.21,4,4,2021,94,920,65,70,NA,0,23.9,SY,X,dull,NA,F,TS,NA,1616EAST,Y,N,Y,Y,N,0,J,NA,NA,NA,NA,NA,NA,36.51812,-87.31848,Montgomery,TN,TS; no head molt
112,N,SW,2831-20171,WTSP,W094,RED/A,BW/RED,4-Apr-21,20.21,4,4,2021,94,950,71,71,NA,0,26.6,SY,X,dull,NA,F,WS,NA,1616EAST,Y,N,Y,Y,N,0,J,NA,NA,NA,NA,NA,NA,36.51812,-87.31848,Montgomery,TN,head molt
113,N,SW,2831-20172,WTSP,W095,YEL/A,BW/RED,4-Apr-21,20.21,4,4,2021,94,950,75,77,NA,0,28.4,SY,X,dull,NA,M,WS,NA,1616EAST,Y,N,Y,Y,N,0,J,NA,NA,NA,NA,NA,NA,36.51812,-87.31848,Montgomery,TN,WS; head molt
114,R,SW,2831-20153,WTSP,W076,DKB/A,RW/YEL,7-Apr-21,20.21,7,4,2021,97,1320,NA,x,NA,2,29.5,,X,NA,NA,M,TS,NA,1616EAST,N,N,N,N,N,NA,NA,NA,NA,NA,NA,NA,NA,36.51812,-87.31848,Montgomery,TN,Rp4 2/3 grown
115,N,SW,2831-20173,WTSP,W096,ORG/A,BW/RED,7-Apr-21,20.21,7,4,2021,97,1400,75,76,NA,0,28.1,SY,X,medium,NA,M,WS,NA,1616EAST,Y,N,Y,Y,N,0,J,NA,NA,NA,NA,NA,NA,36.51812,-87.31848,Montgomery,TN,
116,N,SW,2831-20174,WTSP,W097,DKB/A,BW/RED,7-Apr-21,20.21,7,4,2021,97,1400,73,75,NA,1,NA,SY,X,NA,NA,M,TS,NA,1616EAST,Y,N,Y,?,N,0,J,NA,NA,NA,NA,NA,NA,36.51812,-87.31848,Montgomery,TN,
117,R,SW,2831-20117,WTSP,W047,WL/RED,RED/A,9-Apr-21,20.21,9,4,2021,99,1730,74,75,NA,1,28.6,SY,X,medium,NA,M,WS,NA,1616EAST,Y,N,N,Y,N,NA,NA,NA,NA,NA,NA,NA,NA,36.51812,-87.31848,Montgomery,TN,WS; head molt
118,N,SW,2831-20175,WTSP,W098,GRN/A,BW/RED,9-Apr-21,20.21,9,4,2021,99,1620,76,77,NA,0,27.9,ASY,X,rich,NA,M,TS,NA,1616EAST,Y,N,Y,Y,N,1,B,NA,NA,NA,NA,NA,NA,36.51812,-87.31848,Montgomery,TN,head molt
119,R,SW,2831-20119,WTSP,W049,WL/RED,ORG/A,1-May-21,20.21,1,5,2021,121,830,75,76,NA,5,37.0,SY,X,rich,NA,M,TS,NA,1616EAST,Y,N,N,Y,N,2,B,NA,NA,NA,NA,NA,NA,36.51812,-87.31848,Montgomery,TN,
120,R,SW,2831-20120,WTSP,W050,WL/RED,GRN/A,1-May-21,20.21,1,5,2021,121,730,73,74,NA,5,33.8,SY,X,rich,NA,M,TS,NA,1616EAST,Y,N,N,Y,N,2,B,NA,NA,NA,NA,NA,NA,36.51812,-87.31848,Montgomery,TN,
121,N,SW,2831-20176,WTSP,W099,WHT/A,BW/RED,1-May-21,20.21,1,5,2021,121,750,70,70,NA,1,23.4,SY,X,rich,NA,F,TS,NA,1616EAST,Y,N,Y,Y,N,0,J,NA,NA,NA,NA,NA,NA,36.51812,-87.31848,Montgomery,TN,
122,N,SW,2831-20177,WTSP,W100,BR/A,BW/RED,1-May-21,20.21,1,5,2021,121,750,77,77,NA,4,31.8,SY,X,medium,NA,M,WS,NA,1616EAST,Y,N,Y,Y,N,0,J,NA,NA,NA,NA,NA,NA,36.51812,-87.31848,Montgomery,TN,
123,N,SW,2831-20178,WTSP,W101,RED/A,YEL/RW,1-May-21,20.21,1,5,2021,121,750,71,72,NA,2,24.9,SY,X,medium,NA,F,TS,NA,1616EAST,Y,N,Y,Y,N,0,J,NA,NA,NA,NA,NA,NA,36.51812,-87.31848,Montgomery,TN,
124,N,SW,2831-20180,WTSP,W102,YEL/A,YEL/RW,1-May-21,20.21,1,5,2021,121,930,66,64,NA,4,26.7,SY,X,medium,NA,F,TS,NA,1616EAST,Y,N,Y,Y,N,0,J,NA,NA,NA,NA,NA,NA,36.51812,-87.31848,Montgomery,TN,TS
125,N,SW,2831-20181,WTSP,W103,ORG/A,YEL/RW,1-May-21,20.21,1,5,2021,121,930,66,67,NA,4,25.7,ASY,X,dull,NA,F,TS,NA,1616EAST,Y,N,Y,Y,N,1,B,NA,NA,NA,NA,NA,NA,36.51812,-87.31848,Montgomery,TN,TS
126,R,SW,2831-20121,WTSP,W051,WL/RED,WHT/A,6-Nov-21,21.22,6,11,2021,310,910,73,72,NA,0,25.9,AHY,X,,NA,X,TS,NA,1616EAST,Y,N,N,Y,N,5,B,NA,NA,NA,NA,NA,NA,36.51812,-87.31848,Montgomery,TN,
127,N,SW,2831-20189,WTSP,W104,DKB/A,YEL/RW,6-Nov-21,21.22,6,11,2021,310,840,72,72,NA,0,24.0,HY,X,,5,F,TS,NA,1616EAST,Y,N,Y,Y,N,0,J,NA,NA,NA,NA,NA,NA,36.51812,-87.31848,Montgomery,TN,
128,N,SW,2831-20190,WTSP,W105,GRN/A,YEL/RW,6-Nov-21,21.22,6,11,2021,310,1000,70,73,NA,0,22.7,HY,X,,4,F,WS,NA,1616EAST,Y,N,Y,Y,N,0,J,NA,NA,NA,NA,NA,NA,36.51812,-87.31848,Montgomery,TN,
129,N,SW,2831-20191,WTSP,W106,RED/A,YEL/BW,6-Nov-21,21.22,6,11,2021,310,1000,70,69,NA,0,22.5,HY,X,,5,F,WS,NA,1616EAST,Y,N,Y,Y,N,0,J,NA,NA,NA,NA,NA,NA,36.51812,-87.31848,Montgomery,TN,
130,N,SW,2831-20194,WTSP,W107,YEL/A,YEL/BW,9-Nov-21,21.22,9,11,2021,313,1155,73,76,NA,0,26.0,HY,X,medium,NA,M,TS,NA,EMERALD,Y,N,Y,Y,N,0,J,NA,NA,NA,NA,NA,NA,36.53908,-87.36114,Montgomery,TN,
131,R,SW,2831-20143,WTSP,W068,WL/WHT,YEL/A,13-Nov-21,21.22,13,11,2021,317,1400,73,77,NA,3,25.7,AHY,X,rich,NA,F,TS,TS,1616EAST,Y,N,Y,Y,N,5,B,NA,NA,NA,NA,NA,NA,36.51812,-87.31848,Montgomery,TN,
132,N,SW,2831-20196,WTSP,W108,DKB/A,YEL/BW,13-Nov-21,21.22,13,11,2021,317,1130,68,72,NA,0,25.1,HY,X,dull,5,F,TS,NA,1616EAST,Y,N,Y,Y,N,0,J,NA,NA,NA,NA,NA,NA,36.51812,-87.31848,Montgomery,TN,
133,N,SW,2831-20197,WTSP,W109,GRN/A,YEL/BW,13-Nov-21,21.22,13,11,2021,317,1340,73,74,NA,1,26.8,HY,X,dull,5,M,TS,NA,1616EAST,Y,N,Y,Y,N,0,J,NA,NA,NA,NA,NA,NA,36.51812,-87.31848,Montgomery,TN,
134,N,SW,2831-20199,WTSP,W110,WHT/A,YEL/BW,14-Nov-21,21.22,14,11,2021,318,915,72,73,NA,3,26.5,AHY,X,medium,6,M,TS,NA,1616EAST,Y,N,Y,Y,N,1,B,NA,NA,NA,NA,NA,NA,36.51812,-87.31848,Montgomery,TN,
135,N,SW,2771-10002,WTSP,W111,DKB/A,GY/DKB,20-Nov-21,21.22,20,11,2021,324,1130,75,74,NA,1,24.7,HY,X,dull,NA,F,WS,NA,1616EAST,Y,N,Y,Y,N,0,J,NA,NA,NA,NA,NA,NA,36.51812,-87.31848,Montgomery,TN,"re-extracted, re-did sex PCR: confirm F. Possible measurement error (data sheet confirms recorded wing as 75)"
136,N,SW,2771-10003,WTSP,W112,DKB/A,GY/ORG,20-Nov-21,21.22,20,11,2021,324,1130,73,75,NA,1,23.6,HY,X,medium,5,M,WS,NA,1616EAST,Y,N,Y,Y,N,0,J,NA,NA,NA,NA,NA,NA,36.51812,-87.31848,Montgomery,TN,
137,N,SW,2771-10004,WTSP,W113,DKB/A,GY/WHT,20-Nov-21,21.22,20,11,2021,324,1215,75,75,NA,0,27.8,HY,X,dull,6,M,WS,NA,1616EAST,Y,N,Y,Y,N,0,J,NA,NA,NA,NA,NA,NA,36.51812,-87.31848,Montgomery,TN,initial Sex PCR incorrect; not sure why
138,N,SW,2771-10005,WTSP,W114,DKB/A,GY/GRN,20-Nov-21,21.22,20,11,2021,324,1215,73,73,NA,4,23.8,HY,X,medium,5,M,TS,NA,1616EAST,Y,N,Y,Y,N,0,J,NA,NA,NA,NA,NA,NA,36.51812,-87.31848,Montgomery,TN,
139,R,SW,2831-20160,WTSP,W082,ORG/A,RW/RED,20-Nov-21,21.22,20,11,2021,324,1215,70,72,NA,0,23.4,AHY,X,medium,NA,F,WS,NA,1616EAST,Y,N,N,Y,N,5,B,NA,NA,NA,NA,NA,NA,36.51812,-87.31848,Montgomery,TN,
140,R,SW,2831-20180,WTSP,W102,YEL/A,YEL/RW,20-Nov-21,21.22,20,11,2021,324,1215,69,67,NA,2,23.7,AHY,X,rich,NA,F,TS,NA,1616EAST,Y,N,N,Y,N,5,B,NA,NA,NA,NA,NA,NA,36.51812,-87.31848,Montgomery,TN,
141,R,SW,2831-20191,WTSP,W106,RED/A,YEL/BW,20-Nov-21,21.22,20,11,2021,324,1215,NA,X,NA,NA,NA,X,X,NA,NA,F,WS,NA,1616EAST,N,N,N,Y,N,NA,NA,NA,NA,NA,NA,NA,NA,36.51812,-87.31848,Montgomery,TN,from 06Nov21; p4 1/2 grown
142,N,NS,2771-10008,WTSP,W115,DKB/A,GY/YEL,24-Nov-21,21.22,24,11,2021,328,940,68,69,NA,1,25.0,HY,X,dull,NA,F,TS,NA,EMERALD,Y,N,Y,Y,N,0,J,NA,NA,NA,NA,NA,NA,36.53908,-87.36114,Montgomery,TN,
143,N,SW,2771-10012,WTSP,W116,RED/A,GY/RED,26-Nov-21,21.22,26,11,2021,330,1245,72,74,NA,2,25.9,HY,X,medium,NA,M,TS,NA,1616EAST,Y,N,Y,Y,N,0,J,J,NA,NA,NA,NA,NA,36.51812,-87.31848,Montgomery,TN,
144,N,SW,2771-10013,WTSP,W117,YEL/A,GY/RED,26-Nov-21,21.22,26,11,2021,330,1330,74,70,NA,2,27.8,AHY,X,medium,6,M,TS,NA,1616EAST,Y,N,Y,Y,N,1,B,B,NA,NA,NA,NA,NA,36.51812,-87.31848,Montgomery,TN,
145,N,SW,2771-10014,WTSP,W118,ORG/A,GY/RED,26-Nov-21,21.22,26,11,2021,330,1500,72,74,NA,2,23.6,AHY,X,medium,6,F,WS,NA,1616EAST,Y,N,Y,Y,N,1,B,B,NA,NA,NA,NA,NA,36.51812,-87.31848,Montgomery,TN,
146,N,SW,2771-10015,WTSP,W119,DKB/A,GY/RED,27-Nov-21,21.22,27,11,2021,331,915,70,72,NA,1,23.6,HY,X,dull,5,F,WS,NA,1616EAST,Y,N,Y,Y,N,0,J,J,NA,NA,NA,NA,NA,36.51812,-87.31848,Montgomery,TN,
147,N,SW,2771-10016,WTSP,W120,GRN/A,GY/RED,28-Nov-21,21.22,28,11,2021,332,1130,70,70,NA,1,23.0,HY,X,dull,NA,F,TS,NA,1616EAST,Y,N,Y,Y,N,0,J,J,NA,NA,NA,NA,NA,36.51812,-87.31848,Montgomery,TN,
148,N,SW,2771-10017,WTSP,W121,WHT/A,GY/RED,28-Nov-21,21.22,28,11,2021,332,1130,71,X,NA,1,25.4,HY,X,dull,NA,F,TS,NA,1616EAST,Y,N,Y,Y,N,0,J,J,NA,NA,NA,NA,NA,36.51812,-87.31848,Montgomery,TN,tail mostly lost
149,N,SW,2771-10018,WTSP,W122,BR/A,GY/RED,28-Nov-21,21.22,28,11,2021,332,1130,73,74,NA,2,25.7,HY,X,dull,NA,M,WS,NA,1616EAST,Y,N,Y,Y,N,0,J,J,NA,NA,NA,NA,NA,36.51812,-87.31848,Montgomery,TN,
150,N,SW,2771-10019,WTSP,W123,RED/A,ORG/GY,28-Nov-21,21.22,28,11,2021,332,1130,72,71,NA,2,25.8,HY,X,dull,NA,M,TS,NA,1616EAST,Y,N,Y,Y,N,0,J,J,NA,NA,NA,NA,NA,36.51812,-87.31848,Montgomery,TN,
151,N,SW,2771-10020,WTSP,W124,YEL/A,ORG/GY,28-Nov-21,21.22,28,11,2021,332,1130,73,74,NA,0,26.4,HY,X,medium,NA,M,WS,NA,1616EAST,Y,N,Y,Y,N,0,J,J,NA,NA,NA,NA,NA,36.51812,-87.31848,Montgomery,TN,
152,N,SW,2771-10021,WTSP,W125,ORG/A,ORG/GY,3-Dec-21,21.22,3,12,2021,337,935,68,68,NA,0,24.2,HY,X,dull,NA,F,WS,NA,EMERALD,Y,N,N,Y,N,0,J,J,NA,NA,NA,NA,NA,36.53908,-87.36114,Montgomery,TN,"blood sample inadquate, see recapture"
153,R,SW,2831-20090,WTSP,W030,YEL/RW,RED/A,3-Dec-21,21.22,3,12,2021,337,935,74,75,NA,0,25.3,AHY,X,rich,NA,M,WS,NA,EMERALD,Y,N,N,Y,N,4,B,B,NA,NA,NA,NA,NA,36.53908,-87.36114,Montgomery,TN,
154,N,SW,2771-10022,WTSP,W126,DKB/A,ORG/GY,12-Dec-21,21.22,12,12,2021,346,1415,75,74,NA,2,27.6,HY,X,medium,NA,M,WS,WS,1616EAST,Y,N,Y,Y,N,0,J,B,NA,NA,NA,NA,NA,36.51812,-87.31848,Montgomery,TN,
155,N,SW,2771-10023,WTSP,W127,GRN/A,ORG/GY,12-Dec-21,21.22,12,12,2021,346,1445,71,73,NA,3,26.7,HY,X,dull,NA,F,WS,NA,1616EAST,Y,N,Y,Y,N,0,J,J,NA,NA,NA,NA,NA,36.51812,-87.31848,Montgomery,TN,
156,N,SW,2771-10024,WTSP,W128,WHT/A,ORG/GY,12-Dec-21,21.22,12,12,2021,346,1445,73,72,NA,2,27.1,HY,X,dull,NA,M,WS,NA,1616EAST,Y,N,Y,Y,N,0,J,J,NA,NA,NA,NA,NA,36.51812,-87.31848,Montgomery,TN,
157,R,SW,2771-10021,WTSP,W125,ORG/A,ORG/GY,14-Dec-21,21.22,14,12,2021,348,835,NA,X,NA,NA,NA,HY,X,medium,NA,F,WS,NA,EMERALD,Y,N,Y,N,N,NA,NA,NA,NA,NA,NA,NA,NA,36.53908,-87.36114,Montgomery,TN,
158,N,JA,2771-10025,WTSP,W129,DKB/A,GRN/GY,14-Dec-21,21.22,14,12,2021,348,835,71,71,NA,0,24.8,HY,X,dull,NA,F,WS,NA,EMERALD,Y,N,Y,Y,N,0,J,J,NA,NA,NA,NA,NA,36.53908,-87.36114,Montgomery,TN,
159,N,JA,2771-10027,WTSP,W130,RED/A,GRN/GY,14-Dec-21,21.22,14,12,2021,348,1130,76,78,NA,1,29.7,HY,X,dull,NA,M,WS,NA,EMERALD,Y,N,Y,Y,N,0,J,B,NA,NA,NA,NA,NA,36.53908,-87.36114,Montgomery,TN,
160,N,JA,2771-10028,WTSP,W131,YEL/A,GRN/GY,14-Dec-21,21.22,14,12,2021,348,1130,74,77,NA,T,27.5,HY,X,dull,NA,M,WS,NA,EMERALD,Y,N,Y,Y,N,0,J,J,NA,NA,NA,NA,NA,36.53908,-87.36114,Montgomery,TN,
161,N,SW,2771-10029,WTSP,W132,GRN/A,GRN/GY,21-Dec-21,21.22,21,12,2021,355,910,73,75,NA,0,25.2,HY,X,dull,NA,M,TS,NA,EMERALD,Y,N,Y,Y,N,0,J,J,NA,NA,NA,NA,NA,36.53908,-87.36114,Montgomery,TN,
162,N,SW,2771-10030,WTSP,W133,WHT/A,GRN/GY,21-Dec-21,21.22,21,12,2021,355,910,72,74,NA,0,27.2,AHY,X,dull,NA,M,TS,NA,EMERALD,Y,N,Y,Y,N,1,B,B,NA,NA,NA,NA,NA,36.53908,-87.36114,Montgomery,TN,
163,N,NS,2771-10034,WTSP,W134,ORG/A,GRN/GY,21-Dec-21,21.22,21,12,2021,355,1200,73,76,NA,4,28.6,HY,X,rich,NA,M,WS,NA,EMERALD,Y,N,Y,Y,N,0,J,B,NA,NA,NA,NA,NA,36.53908,-87.36114,Montgomery,TN,
164,N,JA,2771-10035,WTSP,W135,YG/A,RED/DKB,21-Feb-22,21.22,21,2,2022,52,930,68,67,NA,4,26.3,SY,X,medium,NA,F,TS,NA,EMERALD,Y,N,Y,Y,N,0,J,NA,NA,NA,NA,NA,NA,36.53908,-87.36114,Montgomery,TN,
165,N,SW,2771-10040,WTSP,W136,YG/A,RED/RED,10-Mar-22,21.22,10,3,2022,69,820,70,70,NA,3,25.8,SY,X,dull,NA,F,TS,NA,1616EAST,Y,N,Y,Y,N,0,J,J,NA,NA,NA,NA,NA,36.51812,-87.31848,Montgomery,TN,
166,N,SW,2771-10041,WTSP,W137,YG/A,RED/YEL,10-Mar-22,21.22,10,3,2022,69,840,68,73,NA,1,24.2,SY,X,dull,NA,F,TS,NA,1616EAST,Y,N,Y,Y,N,0,J,J,NA,NA,NA,NA,NA,36.51812,-87.31848,Montgomery,TN,
167,N,SW,2771-10042,WTSP,W138,YG/A,RED/WHT,10-Mar-22,21.22,10,3,2022,69,840,68,71,NA,3,24.5,SY,X,dull,NA,F,WS,NA,1616EAST,Y,N,Y,Y,N,0,J,J,NA,NA,NA,NA,NA,36.51812,-87.31848,Montgomery,TN,
168,N,SW,2771-10043,WTSP,W139,YG/A,RED/ORG,10-Mar-22,21.22,10,3,2022,69,840,72,74,NA,1,25.4,ASY,X,medium,NA,M,WS,NA,1616EAST,Y,N,Y,Y,N,1,B,B,NA,NA,NA,NA,NA,36.51812,-87.31848,Montgomery,TN,
169,N,SW,2771-10044,WTSP,W140,YG/A,RED/YG,10-Mar-22,21.22,10,3,2022,69,840,72,74,NA,3,28.6,SY,X,dull,NA,M,TS,NA,1616EAST,Y,N,Y,Y,N,0,J,J,NA,NA,NA,NA,NA,36.51812,-87.31848,Montgomery,TN,
170,N,SW,2771-10045,WTSP,W141,YG/YEL,RED/A,10-Mar-22,21.22,10,3,2022,69,840,72,73,NA,2,25.8,SY,X,dull,NA,M,TS,NA,1616EAST,Y,N,Y,Y,N,0,J,B,NA,NA,NA,NA,NA,36.51812,-87.31848,Montgomery,TN,
171,N,SW,2771-10046,WTSP,W142,YG/YEL,YEL/A,10-Mar-22,21.22,10,3,2022,69,1015,72,76,NA,3,25.8,SY,X,dull,NA,F,WS,NA,1616EAST,Y,N,Y,Y,N,0,J,B,NA,NA,NA,NA,NA,36.51812,-87.31848,Montgomery,TN,
172,N,SW,2771-10047,WTSP,W143,GY/YEL,ORG/A,10-Mar-22,21.22,10,3,2022,69,1015,70,74,NA,1,24.2,SY,X,dull,NA,F,WS,NA,1616EAST,Y,N,Y,Y,N,0,J,J,NA,NA,NA,NA,NA,36.51812,-87.31848,Montgomery,TN,note incorrect band application
173,N,SW,2771-10048,WTSP,W144,YG/YEL,DKB/A,10-Mar-22,21.22,10,3,2022,69,1015,70,75,NA,3,26.3,SY,X,dull,NA,F,TS,NA,1616EAST,Y,N,Y,Y,N,0,J,J,NA,NA,NA,NA,NA,36.51812,-87.31848,Montgomery,TN,
174,N,SW,2771-10049,WTSP,W145,YG/YEL,GRN/A,10-Mar-22,21.22,10,3,2022,69,1015,73,74,NA,4,28.1,SY,X,dull,NA,M,WS,NA,1616EAST,Y,N,Y,Y,N,0,J,U,NA,NA,NA,NA,NA,36.51812,-87.31848,Montgomery,TN,
175,N,SW,2771-10050,WTSP,W146,YG/YEL,WHT/A,10-Mar-22,21.22,10,3,2022,69,1015,72,74,NA,4,25.9,SY,X,dull,NA,F,TS,NA,1616EAST,Y,N,Y,Y,N,0,J,J,NA,NA,NA,NA,NA,36.51812,-87.31848,Montgomery,TN,
176,N,SW,2771-10051,WTSP,W147,YG/RED,RED/A,10-Mar-22,21.22,10,3,2022,69,1120,71,74,NA,2,25.1,SY,X,medium,NA,M,TS,NA,1616EAST,Y,N,Y,Y,N,0,J,J,NA,NA,NA,NA,NA,36.51812,-87.31848,Montgomery,TN,"did not have a R p4, took L p4"
177,N,JA,2771-10052,WTSP,W148,YG/RED,YEL/A,11-Mar-22,21.22,11,3,2022,70,920,69,70,NA,T,23.2,SY,X,medium,NA,F,TS,TS,EMERALD,Y,N,Y,Y,N,0,J,J,NA,NA,NA,NA,NA,36.53908,-87.36114,Montgomery,TN,
178,N,JA,2771-10055,WTSP,W149,YG/RED,ORG/A,19-Mar-22,21.22,19,3,2022,78,850,66,65,NA,2,23.2,SY,X,dull,NA,F,TS,NA,EMERALD,Y,N,Y,Y,N,0,J,J,NA,NA,NA,NA,NA,36.53908,-87.36114,Montgomery,TN,
179,N,JA,2771-10058,WTSP,W150,YG/RED,DKB/A,19-Mar-22,21.22,19,3,2022,78,1140,69,70,NA,2,23.7,SY,X,medium,NA,F,TS,NA,EMERALD,Y,N,Y,Y,N,0,J,J,NA,NA,NA,NA,NA,36.53908,-87.36114,Montgomery,TN,
180,R,SW,2771-10046,WTSP,W142,YG/YEL,YEL/A,27-Mar-22,21.22,27,3,2022,86,810,NA,x,NA,1,25.5,SY,,dull,NA,F,WS,,1616EAST,N,N,N,N,N,NA,NA,B,NA,NA,NA,NA,NA,36.51812,-87.31848,Montgomery,TN,Rp4 2/3 grown; no head molt
181,R,SW,2831-20189,WTSP,W104,DKB/A,YEL/RW,27-Mar-22,21.22,27,3,2022,86,810,71,70,NA,2,26.9,SY,p,rich,NA,F,TS,NA,1616EAST,Y,N,N,Y,N,2,B,J,NA,NA,NA,NA,NA,36.51812,-87.31848,Montgomery,TN,light head molt
182,N,SW,2771-10059,WTSP,W151,YG/RED,WHT/A,27-Mar-22,21.22,27,3,2022,86,830,75,76,NA,2,26.6,ASY,p,rich,NA,M,WS,WS,1616EAST,Y,N,Y,Y,N,1,B,B,NA,NA,NA,NA,NA,36.51812,-87.31848,Montgomery,TN,heavy head molt
183,N,SW,2771-10060,WTSP,W152,YG/RED,GRN/A,27-Mar-22,21.22,27,3,2022,86,830,70,73,NA,3,26.3,SY,p,medium,NA,F,TS,TS,1616EAST,Y,N,Y,Y,N,0,J,J,NA,NA,NA,NA,NA,36.51812,-87.31848,Montgomery,TN,moderate head molt
184,N,SW,2771-10061,WTSP,W153,YG/GRN,RED/A,27-Mar-22,21.22,27,3,2022,86,830,71,72,NA,2,25.4,SY,p,dull,NA,F,WS,,1616EAST,Y,N,Y,Y,N,0,J,B,NA,NA,NA,NA,NA,36.51812,-87.31848,Montgomery,TN,moderate head molt
185,N,SW,2771-10062,WTSP,W154,YG/GRN,YEL/A,27-Mar-22,21.22,27,3,2022,86,915,70,71,NA,1,23.5,ASY,p,rich,NA,F,WS,TS,1616EAST,Y,N,Y,Y,N,1,B,B,NA,NA,NA,NA,NA,36.51812,-87.31848,Montgomery,TN,light head molt
186,N,SW,2771-10063,WTSP,W155,YG/GRN,ORG/A,27-Mar-22,21.22,27,3,2022,86,915,68,69,NA,0,24.9,SY,p,medium,NA,F,TS,TS,1616EAST,Y,N,N,Y,N,0,J,J,NA,NA,NA,NA,NA,36.51812,-87.31848,Montgomery,TN,moderate head molt
187,R,SW,2831-20191,WTSP,W106,RED/A,YEL/BW,27-Mar-22,21.22,27,3,2022,86,950,70,69,NA,2,25.0,SY,p,dull,NA,F,WS,TS?,1616EAST,Y,N,N,Y,N,2,B,J,NA,NA,NA,NA,NA,36.51812,-87.31848,Montgomery,TN,light head molt
188,R,SW,2771-10012,WTSP,W116,RED/A,GY/RED,3-Apr-22,21.22,3,4,2022,93,730,71,71,NA,0,26.1,SY,p,rich,NA,M,TS,TS?,1616EAST,Y,N,N,Y,N,2,B,NA,NA,NA,NA,NA,NA,36.51812,-87.31848,Montgomery,TN,heavy head molt
189,R,SW,2831-20109,WTSP,W041,YEL/BW,WHT/A,3-Apr-22,21.22,3,4,2022,93,800,72,73,NA,1,27.0,ASY,p,rich,NA,F,WS,,1616EAST,Y,N,N,Y,N,5,B,NA,NA,NA,NA,NA,NA,36.51812,-87.31848,Montgomery,TN,R leg injury; moderate head molt; replaced YEL band (had lost)
190,R,SW,2771-10019,WTSP,W123,RED/A,ORG/GY,10-Apr-22,21.22,10,4,2022,100,915,72,72,NA,0,27.0,SY,p,medium,NA,M,TS,,1616EAST,Y,N,N,Y,N,2,B,B,NA,NA,NA,NA,NA,36.51812,-87.31848,Montgomery,TN,light head molt
191,N,SW,2771-10065,WTSP,W156,YG/GRN,DKB/A,10-Apr-22,21.22,10,4,2022,100,915,67,70,NA,0,23.8,SY,p,medium,NA,F,TS,,1616EAST,Y,N,Y,Y,N,0,J,J,NA,NA,NA,NA,NA,36.51812,-87.31848,Montgomery,TN,moderate head molt
192,R,SW,2831-20197,WTSP,W109,GRN/A,YEL/BW,10-Apr-22,21.22,10,4,2022,100,950,72,75,NA,2,28.1,SY,p,rich,NA,M,TS,,1616EAST,Y,N,N,Y,N,2,B,B,NA,NA,NA,NA,NA,36.51812,-87.31848,Montgomery,TN,moderate head molt
193,R,SW,2771-10048,WTSP,W144,YG/YEL,DKB/A,10-Apr-22,21.22,10,4,2022,100,950,71,73,NA,1,25.9,SY,p,dull,NA,F,TS,,1616EAST,N,N,N,Y,N,NA,NA,J,NA,NA,NA,NA,NA,36.51812,-87.31848,Montgomery,TN,Rp4 new and fully grown; heavy head molt
194,R,SW,2831-20189,WTSP,W104,DKB/A,YEL/RW,10-Apr-22,21.22,10,4,2022,100,1030,71,70,NA,0,27.0,SY,p,medium,NA,F,TS,,1616EAST,N,N,N,N,N,NA,NA,NA,NA,NA,NA,NA,NA,36.51812,-87.31848,Montgomery,TN,Rp4 1/2 grown; moderate head molt
195,R,SW,2771-10050,WTSP,W146,YG/YEL,WHT/A,10-Apr-22,21.22,10,4,2022,100,1030,69,74,NA,0,25.2,SY,p,dull,NA,F,TS,,1616EAST,N,N,N,N,N,NA,NA,NA,NA,NA,NA,NA,NA,36.51812,-87.31848,Montgomery,TN,Rp4 new and fully grown; moderate head molt
196,N,SW,2771-10066,WTSP,W157,YG/GRN,WHT/A,10-Apr-22,21.22,10,4,2022,100,1030,68,65,NA,0,25.1,SY,p,medium,NA,F,TS,,1616EAST,Y,N,Y,Y,N,0,J,NA,NA,NA,NA,NA,NA,36.51812,-87.31848,Montgomery,TN,moderate head molt
197,N,JA,2771-10068,WTSP,W158,YG/GRN,GRN/A,14-Apr-22,21.22,14,4,2022,104,1240,73,72,NA,3,29.2,ASY,p,rich,NA,M,WS,WS,EMERALD,Y,N,Y,Y,N,1,B,B,NA,NA,NA,NA,NA,36.53908,-87.36114,Montgomery,TN,
198,R,JA,2771-10008,WTSP,W115,DKB/A,GY/GRN,14-Apr-22,21.22,14,4,2022,104,1350,68,66,NA,1,27.0,SY,p,medium,NA,F,TS,,EMERALD,Y,N,N,Y,N,2,B,J,NA,NA,NA,NA,NA,36.53908,-87.36114,Montgomery,TN,light head molt
199,N,SW,2771-10089,WTSP,W159,YG/ORG,RED/A,22-Oct-22,22.23,22,10,2022,295,800,75,77,NA,1,26.8,AHY,P,medium,6,M,TS,,1616EAST,Y,N,Y,Y,N,1,B,B,1,1,1,1,1,36.51812,-87.31848,Montgomery,TN,
200,N,SW,2771-10090,WTSP,W160,YG/ORG,YEL/A,22-Oct-22,22.23,22,10,2022,295,800,74,73,NA,0,24.8,AHY,p,medium,6,M,TS,,1616EAST,Y,N,Y,Y,N,1,B,B,1,1,1,1,1,36.51812,-87.31848,Montgomery,TN,
201,N,SW,2771-10091,WTSP,W161,YG/ORG,ORG/A,22-Oct-22,22.23,22,10,2022,295,800,78,76,NA,4,26.4,AHY,P,rich,6,M,WS,,1616EAST,Y,N,Y,Y,N,1,B,B,1,1,1,1,1,36.51812,-87.31848,Montgomery,TN,
202,N,SW,2771-10092,WTSP,W162,YG/ORG,DKB/A,22-Oct-22,22.23,22,10,2022,295,850,75,78,NA,1,24.4,AHY,P,rich,NA,M,TS,,1616EAST,Y,N,Y,Y,N,1,B,B,1,1,1,1,1,36.51812,-87.31848,Montgomery,TN,
203,N,SW,2771-10094,WTSP,W163,YG/ORG,GRN/A,23-Oct-22,22.23,23,10,2022,296,915,67,67,NA,0,23.4,HY,P,dull,NA,F,TS,,1616EAST,Y,N,Y,Y,N,0,J,J,0,0,1,0,0,36.51812,-87.31848,Montgomery,TN,
204,R,SW,2771-10029,WTSP,W132,GRN/A,GRN/GY,26-Oct-22,22.23,26,10,2022,299,1000,75,76,NA,0,25.8,AHY,P,rich,NA,M,TS,,EMERALD,Y,N,N,Y,N,1,B,B,1,,1,1,1,36.53908,-87.36114,Montgomery,TN,
205,N,SW,2771-10097,WTSP,W164,YG/ORG,WHT/A,29-Oct-22,22.23,29,10,2022,302,900,74,74,26.8,3,27.8,HY,P,medium,NA,M,WS,,1616EAST,Y,N,Y,Y,N,0,J,J,0,0,1,0,0,36.51812,-87.31848,Montgomery,TN,
206,N,SW,2771-10098,WTSP,W165,YEL/YG,RED/A,2-Nov-22,22.23,2,11,2022,306,930,68,70,22.6,0,24.2,HY,S,dull,5,F,TS,,EMERALD,Y,N,Y,Y,N,0,J,J,0,0,1,0,0,36.53908,-87.36114,Montgomery,TN,
207,N,SW,2771-10099,WTSP,W166,YEL/YG,YEL/A,2-Nov-22,22.23,2,11,2022,306,930,74,75,22.7,1,24.8,AHY,P,medium,6,M,TS,,EMERALD,Y,N,Y,Y,N,1,B,B,1,1,1,1,1,36.53908,-87.36114,Montgomery,TN,
208,N,SW,2941-15303,WTSP,W167,YEL/YG,DKB/A,6-Nov-22,22.23,6,11,2022,310,730,73,73,23.3,4,29.7,HY,P,dull,NA,F,WS,,1616EAST,Y,N,Y,Y,N,0,J,J,0,0,1,0,0,36.51812,-87.31848,Montgomery,TN,
209,N,SW,2941-15306,WTSP,W168,YEL/YG,ORG/A,6-Nov-22,22.23,6,11,2022,310,840,70,71,27,0,24.4,HY,P,dull,NA,F,TS,,1616EAST,Y,N,Y,Y,N,0,J,J,0,0,1,0,0,36.51812,-87.31848,Montgomery,TN,
210,N,SW,2941-15307,WTSP,W169,YEL/YG,GRN/A,6-Nov-22,22.23,6,11,2022,310,920,79,76,25.1,4,27.7,AHY,P,rich,NA,M,WS,,1616EAST,Y,N,Y,Y,N,1,B,B,1,1,1,1,1,36.51812,-87.31848,Montgomery,TN,
211,N,SW,2941-15309,WTSP,W170,YEL/YG,WHT/A,7-Nov-22,22.23,7,11,2022,311,1415,72,70,25.1,2,29.1,HY,P,medium,NA,M,TS,,EMERALD,Y,N,Y,Y,N,0,J,J,0,0,1,0,0,36.53908,-87.36114,Montgomery,TN,
212,N,SW,2941-15310,WTSP,W171,ORG/YG,RED/A,7-Nov-22,22.23,7,11,2022,311,1415,75,76,25.4,0,25.4,HY,P,dull,NA,M,X,,EMERALD,Y,N,Y,Y,N,0,J,J,0,0,1,0,0,36.53908,-87.36114,Montgomery,TN,
213,N,SW,2941-15311,WTSP,W172,ORG/YG,YEL/A,7-Nov-22,22.23,7,11,2022,311,1545,75,73,25.5,3,29.0,HY,P,dull,NA,M,X,,EMERALD,Y,N,Y,Y,N,0,J,J,0,0,0,0,0,36.53908,-87.36114,Montgomery,TN,
214,N,SW,2941-15313,WTSP,W173,ORG/YG,ORG/A,9-Nov-22,22.23,9,11,2022,313,830,72,78,NA,1,26.7,HY,P,medium,NA,M,X,,EMERALD,Y,N,Y,Y,N,0,J,J,0,0,1,1,0,36.53908,-87.36114,Montgomery,TN,
215,N,SW,2941-15314,WTSP,W174,ORG/YG,DKB/A,9-Nov-22,22.23,9,11,2022,313,930,77,78,NA,0,28.0,AHY,P,rich,NA,M,X,,EMERALD,Y,N,Y,Y,N,1,B,B,1,1,1,1,1,36.53908,-87.36114,Montgomery,TN,
216,N,SW,2941-15315,WTSP,W175,ORG/YG,GRN/A,9-Nov-22,22.23,9,11,2022,313,930,67,68,NA,2,25.2,HY,P,dull,NA,F,X,,EMERALD,Y,N,Y,Y,N,0,J,J,0,0,1,0,0,36.53908,-87.36114,Montgomery,TN,
217,N,SW,2941-15316,WTSP,W176,ORG/YG,WHT/A,9-Nov-22,22.23,9,11,2022,313,930,72,78,NA,0,26.7,AHY,P,medium,NA,M,X,,EMERALD,Y,N,Y,Y,N,1,B,B,1,1,1,1,1,36.53908,-87.36114,Montgomery,TN,
218,N,SW,2941-15317,WTSP,W177,YG/WHT,RED/A,9-Nov-22,22.23,9,11,2022,313,930,71,70,NA,1,23.3,HY,P,medium,NA,F,X,,EMERALD,Y,N,Y,Y,N,0,J,J,0,0,1,0,0,36.53908,-87.36114,Montgomery,TN,
219,N,SW,2941-15318,WTSP,W178,YG/WHT,YEL/A,9-Nov-22,22.23,9,11,2022,313,930,70,67,NA,1,21.5,HY,S,dull,5,F,X,,EMERALD,Y,N,Y,Y,N,0,J,B,1,1,1,0,0,36.53908,-87.36114,Montgomery,TN,tail has been replaced
220,N,SW,2941-15319,WTSP,W179,YG/WHT,ORG/A,9-Nov-22,22.23,9,11,2022,313,930,68,69,NA,1,24.4,AHY,P,rich,NA,F,X,,EMERALD,Y,N,Y,Y,N,1,B,B,1,1,1,1,1,36.53908,-87.36114,Montgomery,TN,
221,N,SW,2941-15320,WTSP,W180,YG/WHT,DKB/A,9-Nov-22,22.23,9,11,2022,313,1000,70,73,NA,0,26.2,HY,P,dull,NA,M,X,,EMERALD,Y,N,Y,Y,N,0,J,J,0,0,1,0,0,36.53908,-87.36114,Montgomery,TN,
222,N,SW,2941-15321,WTSP,W181,YG/WHT,GRN/A,9-Nov-22,22.23,9,11,2022,313,1000,71,73,NA,0,24.8,HY,P,dull,NA,M,X,,EMERALD,Y,N,Y,Y,N,0,J,J,0,0,0,0,0,36.53908,-87.36114,Montgomery,TN,
223,N,SW,2941-15322,WTSP,W182,YG/WHT,WHT/A,23-Nov-22,22.23,23,11,2022,327,930,73,75,23,0,27.2,HY,P,medium,NA,M,X,,EMERALD,Y,N,Y,Y,N,0,J,J,0,0,0,0,0,36.53908,-87.36114,Montgomery,TN,
224,N,SW,2941-15323,WTSP,W183,LAV/DKB,DKB/A,23-Nov-22,22.23,23,11,2022,327,930,76,77,22.6,0,28.2,HY,P,medium,NA,M,X,,EMERALD,Y,N,Y,Y,N,0,J,J,0,0,1,0,0,36.53908,-87.36114,Montgomery,TN,
225,N,SW,2941-15324,WTSP,W184,LAV/ORG,DKB/A,23-Nov-22,22.23,23,11,2022,327,1000,74,76,24.6,0,26.8,HY,P,medium,NA,M,X,,EMERALD,Y,N,Y,Y,N,0,J,J,0,0,1,0,0,36.53908,-87.36114,Montgomery,TN,
226,N,SW,2941-15325,WTSP,W185,LAV/WHT,DKB/A,23-Nov-22,22.23,23,11,2022,327,1045,71,72,24.1,0,25.6,HY,P,medium,NA,M,X,,EMERALD,Y,N,Y,Y,N,0,J,J,0,0,0,0,0,36.53908,-87.36114,Montgomery,TN,
227,N,SW,2941-15327,WTSP,W186,LAV/GRN,DKB/A,23-Nov-22,22.23,23,11,2022,327,1130,75,77,25.8,1,27.9,HY,P,dull,NA,M,X,,EMERALD,Y,N,Y,Y,N,0,J,J,0,0,1,0,0,36.53908,-87.36114,Montgomery,TN,
228,N,SW,2941-15328,WTSP,W187,LAV/YEL,DKB/A,23-Nov-22,22.23,23,11,2022,327,1140,72,73,24.9,0,27.7,HY,P,dull,NA,M,X,,EMERALD,Y,N,Y,Y,N,0,J,J,0,0,1,0,0,36.53908,-87.36114,Montgomery,TN,
229,N,SW,2941-15332,WTSP,W188,LAV/RED,DKB/A,26-Nov-22,22.23,26,11,2022,330,830,75,77,23.4,2,28.2,HY,P,dull,NA,M,X,,1616EAST,Y,N,Y,Y,N,0,J,J,0,0,1,0,0,36.51812,-87.31848,Montgomery,TN,
230,N,SW,2941-15333,WTSP,W189,LAV/RED,RED/A,26-Nov-22,22.23,26,11,2022,330,900,75,75,23.7,0,25.6,HY,P,dull,NA,M,X,,1616EAST,Y,N,Y,Y,N,0,J,J,0,0,1,0,0,36.51812,-87.31848,Montgomery,TN,
231,N,SW,2941-15336,WTSP,W190,LAV/ORG,RED/A,11-Dec-22,22.23,11,12,2022,345,810,73,73,24,3,26.1,AHY,P,medium,NA,F,X,,1616EAST,Y,N,Y,Y,N,1,B,B,1,1,1,1,1,36.51812,-87.31848,Montgomery,TN,
232,R,SW,2941-15306,WTSP,W168,YEL/YG,ORG/A,11-Dec-22,22.23,11,12,2022,345,820,X,X,NA,2,26.6,HY,P,NA,NA,F,X,,1616EAST,N,N,N,N,N,NA,NA,NA,NA,,NA,NA,NA,36.51812,-87.31848,Montgomery,TN,p4 regrown
233,N,SW,2941-15337,WTSP,W191,ORG/LAV,YEL/A,11-Dec-22,22.23,11,12,2022,345,820,74,73,24.2,3,27.9,HY,P,medium,NA,M,X,,1616EAST,Y,N,Y,Y,N,0,J,J,0,0,1,0,0,36.51812,-87.31848,Montgomery,TN,
234,N,SW,2941-15338,WTSP,W192,ORG/LAV,ORG/A,11-Dec-22,22.23,11,12,2022,345,820,76,78,23.6,2,27.9,AHY,P,dull,NA,M,X,,1616EAST,Y,N,Y,Y,N,1,B,B,1,1,1,1,1,36.51812,-87.31848,Montgomery,TN,
235,N,SW,2941-15339,WTSP,W193,ORG/LAV,DKB/A,11-Dec-22,22.23,11,12,2022,345,920,72,70,23.5,2,26.8,HY,P,dull,NA,F,X,,1616EAST,Y,N,Y,Y,N,0,J,J,0,0,0,1,0,36.51812,-87.31848,Montgomery,TN,
236,N,SW,2941-15340,WTSP,W194,ORG/LAV,GRN/A,11-Dec-22,22.23,11,12,2022,345,920,74,75,24.1,1,29.2,HY,P,medium,NA,M,X,,1616EAST,Y,N,Y,Y,N,0,J,J,0,0,1,0,0,36.51812,-87.31848,Montgomery,TN,
237,N,SW,2941-15341,WTSP,W195,ORG/LAV,WHT/A,11-Dec-22,22.23,11,12,2022,345,920,70,68,23.3,3,25.3,HY,P,dull,NA,F,X,,1616EAST,Y,N,Y,Y,N,0,J,J,0,0,0,0,0,36.51812,-87.31848,Montgomery,TN,
238,N,SW,2941-15342,WTSP,W196,GRN/YG,RED/A,11-Dec-22,22.23,11,12,2022,345,920,75,78,23.2,3,28.7,HY,P,dull,NA,M,X,,1616EAST,Y,N,Y,Y,N,0,J,J,0,0,1,0,0,36.51812,-87.31848,Montgomery,TN,
239,R,SW,2941-15315,WTSP,W175,ORG/YG,GRN/A,13-Dec-22,22.23,13,12,2022,347,815,67,66,23.4,1,25.5,HY,P,medium,NA,F,X,,EMERALD,N,N,N,N,N,NA,NA,J,0,0,1,0,0,36.53908,-87.36114,Montgomery,TN,
240,N,SW,2941-15343,WTSP,W197,LAV/RED,YEL/A,13-Dec-22,22.23,13,12,2022,347,815,72,70,22.8,0,25.9,HY,P,dull,NA,M,X,,EMERALD,Y,N,Y,Y,N,0,J,J,0,0,NA,0,0,36.53908,-87.36114,Montgomery,TN,
241,N,SW,2941-15347,WTSP,W198,LAV/RED,ORG/A,13-Dec-22,22.23,13,12,2022,347,910,67,72,22.8,0,22.5,HY,P,medium,NA,F,X,,EMERALD,Y,N,Y,Y,N,0,J,J,0,0,0,0,0,36.53908,-87.36114,Montgomery,TN,
242,N,SW,2941-15348,WTSP,W199,LAV/RED,GRN/A,13-Dec-22,22.23,13,12,2022,347,910,71,73,23.1,1,25.9,HY,P,dull,NA,M,X,,EMERALD,Y,N,Y,Y,N,0,J,J,0,0,0,0,0,36.53908,-87.36114,Montgomery,TN,
243,N,SW,2941-15349,WTSP,W200,LAV/RED,WHT/A,13-Dec-22,22.23,13,12,2022,347,910,67,69,23.1,0,23.8,HY,P,medium,NA,NA,X,,EMERALD,Y,N,N,Y,N,0,J,J,0,0,0,0,0,36.53908,-87.36114,Montgomery,TN,conjunctivitis
244,N,SW,2941-15350,WTSP,W201,RYR/YEL,RED/A,13-Dec-22,22.23,13,12,2022,347,910,67,67,24.7,0,24.8,HY,P,dull,NA,F,X,,EMERALD,Y,N,Y,Y,N,0,J,J,0,0,0,0,0,36.53908,-87.36114,Montgomery,TN,
245,N,SW,2941-15351,WTSP,W202,YEL/A,RYR/YEL,13-Dec-22,22.23,13,12,2022,347,910,75,73,23.2,1,27.2,HY,P,dull,NA,M,X,,EMERALD,Y,N,Y,Y,N,0,J,J,0,0,0,0,0,36.53908,-87.36114,Montgomery,TN,band sequence accidentally reversed by SW
246,R,SW,2831-20196,WTSP,W108,DKB/A,YEL/BW,7-Jan-23,22.23,7,1,2023,7,830,68,72,24.4,5,30.4,ASY,P,medium,NA,F,TS,,1616EAST,Y,N,N,Y,N,5,B,B,1,,1,1,1,36.51812,-87.31848,Montgomery,TN,
247,R,SW,2941-15306,WTSP,W168,YEL/YG,ORG/A,7-Jan-23,22.23,7,1,2023,7,840,70,70,24.1,3,28.0,SY,P,dull,NA,F,X,,1616EAST,Y,N,N,N,N,2,B,NA,NA,,1,0,0,36.51812,-87.31848,Montgomery,TN,check if r6 resampled
248,N,SW,2941-15353,WTSP,W203,RYR/YEL,ORG/A,14-Jan-23,22.23,14,1,2023,14,1400,70,71,22.5,4,29.2,SY,P,dull,NA,F,X,,1616EAST,Y,N,Y,Y,N,0,J,J,0,0,0,0,0,36.51812,-87.31848,Montgomery,TN,
249,R,SW,2941-15340,WTSP,W194,ORG/LAV,GRN/A,14-Jan-23,22.23,14,1,2023,14,1430,73,75,NA,3,32.5,SY,P,medium,NA,M,X,,1616EAST,N,N,N,Y,N,2,B,B,1,,1,0,0,36.51812,-87.31848,Montgomery,TN,"Rp4 95% grown, Rr6 90% grown"
250,R,SW,2941-15315,WTSP,W175,ORG/YG,GRN/A,20-Jan-23,22.23,20,1,2023,20,855,66,67,23.5,4,28.6,SY,P,,NA,F,X,,EMERALD,Y,N,N,N,N,2,B,NA,NA,,NA,NA,NA,36.53908,-87.36114,Montgomery,TN,
251,N,SW,2941-15355,WTSP,W204,RYR/YEL,DKB/A,20-Jan-23,22.23,20,1,2023,20,855,73,75,24.5,3,29.2,SY,P,medium,NA,M,X,,EMERALD,Y,N,Y,Y,N,0,J,J,0,0,0,1,1,36.53908,-87.36114,Montgomery,TN,
252,N,SW,2941-15356,WTSP,W205,RYR/YEL,GRN/A,20-Jan-23,22.23,20,1,2023,20,855,72,75,24.7,2,27.6,ASY,P,rich,NA,M,X,,EMERALD,Y,N,Y,Y,N,1,B,B,1,1,1,1,1,36.53908,-87.36114,Montgomery,TN,
253,N,SW,2941-15357,WTSP,W206,RYR/YEL,WHT/A,20-Jan-23,22.23,20,1,2023,20,930,73,76,25.1,4,30.8,SY,P,dull,NA,M,X,,EMERALD,Y,N,Y,Y,N,0,J,J,0,0,0,0,0,36.53908,-87.36114,Montgomery,TN,
254,N,SW,2941-15358,WTSP,W207,RYR/YEL,LAV/A,20-Jan-23,22.23,20,1,2023,20,930,70,71,24.8,2,27.1,SY,P,medium,NA,F,X,,EMERALD,Y,N,Y,Y,N,0,J,J,0,0,1,1,0,36.53908,-87.36114,Montgomery,TN,tail mixed gen
255,N,SW,2941-15359,WTSP,W208,RYR/RED,RED/A,20-Jan-23,22.23,20,1,2023,20,930,76,X,24.8,3,29.9,ASY,P,rich,NA,M,X,,EMERALD,Y,N,Y,Y,N,1,B,B,1,1,1,1,1,36.53908,-87.36114,Montgomery,TN,
256,N,SW,2941-15361,WTSP,W209,RYR/RED,YEL/A,20-Jan-23,22.23,20,1,2023,20,1030,73,75,25.5,2,28.7,SY,P,dull,NA,M,X,,EMERALD,Y,N,Y,Y,N,0,J,J,0,0,1,0,0,36.53908,-87.36114,Montgomery,TN,
257,N,SW,2941-15362,WTSP,W210,RYR/RED,ORG/A,20-Jan-23,22.23,20,1,2023,20,1030,74,72,24.5,2,26.4,SY,P,medium,NA,M,X,,EMERALD,Y,N,Y,Y,N,0,J,J,0,0,0,0,0,36.53908,-87.36114,Montgomery,TN,tail mixed gen
258,N,SW,2941-15363,WTSP,W211,RYR/RED,DKB/A,20-Jan-23,22.23,20,1,2023,20,1030,71,72,24.8,2,27.8,SY,P,medium,NA,M,X,,EMERALD,Y,N,Y,Y,N,0,J,B,1,1,0,0,0,36.53908,-87.36114,Montgomery,TN,tail replaced
259,R,SW,2941-15306,WTSP,W168,YEL/YG,ORG/A,28-Jan-23,22.23,28,1,2023,28,830,68,71,24.8,4,29.1,SY,P,dull,NA,F,X,,1616EAST,N,N,N,Y,N,NA,NA,NA,NA,,1,1,0,36.51812,-87.31848,Montgomery,TN,p4 2/3 grown; r6 1/2 grown
260,R,SW,2941-15339,WTSP,W193,ORG/LAV,DKB/A,28-Jan-23,22.23,28,1,2023,28,910,72,70,24.9,5,31.5,SY,P,dull,NA,F,X,,1616EAST,Y,N,N,Y,N,2,B,NA,NA,,1,0,0,36.51812,-87.31848,Montgomery,TN,check if r6 resampled
261,N,SW,2941-15364,WTSP,W212,RYR/RED,WHT/A,4-Feb-23,22.23,4,2,2023,35,1440,71,70,25.3,5,32.6,ASY,P,medium,NA,F,X,,1616EAST,Y,N,Y,Y,N,1,B,B,1,1,1,1,1,36.51812,-87.31848,Montgomery,TN,
262,N,SW,2941-15365,WTSP,W213,RYR/RED,GRN/A,4-Feb-23,22.23,4,2,2023,35,1600,73,75,24.5,4,31.4,SY,P,medium,NA,M,X,,1616EAST,Y,N,Y,Y,N,0,J,0,0,0,1,1,0,36.51812,-87.31848,Montgomery,TN,
263,R,SW,2771-10008,WTSP,W115,DKB/A,GY/GRN,10-Feb-23,22.23,10,2,2023,41,850,73,69,24.4,2,27.4,ASY,B,NA,NA,F,TS,,EMERALD,Y,N,N,Y,N,5,B,NA,NA,,NA,NA,NA,36.53908,-87.36114,Montgomery,TN,killed by RSHA; spec
264,N,SW,2941-15366,WTSP,W214,RYR/RED,LAV/A,10-Feb-23,22.23,10,2,2023,41,920,74,73,24.8,1,29.1,SY,P,medium,NA,M,X,,EMERALD,Y,N,Y,Y,Y,0,J,B,1,1,1,1,0,36.53908,-87.36114,Montgomery,TN,spec
265,N,SW,2941-15367,WTSP,W215,RYR/GRN,RED/A,10-Feb-23,22.23,10,2,2023,41,945,68,70,24.9,3,27.0,SY,P,medium,NA,F,X,,EMERALD,Y,N,Y,Y,Y,0,J,J,0,0,1,0,0,36.53908,-87.36114,Montgomery,TN,spec
266,R,SW,2941-15355,WTSP,W204,RYR/YEL,DKB/A,15-Feb-23,22.23,15,2,2023,46,830,x,x,NA,3,27.9,SY,P,,,M,X,,EMERALD,N,N,N,N,N,NA,NA,NA,NA,,NA,NA,NA,36.53908,-87.36114,Montgomery,TN,
267,N,SW,2941-15368,WTSP,W216,RYR/GRN,YEL/A,15-Feb-23,22.23,15,2,2023,46,830,74,74,NA,2,28.6,SY,P,dull,NA,M,X,,EMERALD,Y,Y,Y,Y,N,0,J,J,0,0,0,0,0,36.53908,-87.36114,Montgomery,TN,
268,N,SW,2941-15369,WTSP,W217,RYR/GRN,ORG/A,15-Feb-23,22.23,15,2,2023,46,830,72,74,NA,1,27.4,SY,P,dull,NA,M,X,,EMERALD,Y,Y,Y,Y,N,0,J,U,U,,1,0,0,36.53908,-87.36114,Montgomery,TN,
269,N,SW,2941-15370,WTSP,W218,RYR/GRN,DKB/A,15-Feb-23,22.23,15,2,2023,46,830,73,75,NA,3,27.1,SY,P,medium,NA,M,X,,EMERALD,Y,Y,Y,Y,N,0,J,U,U,,1,0,0,36.53908,-87.36114,Montgomery,TN,
270,N,SW,2941-15371,WTSP,W219,RYR/GRN,GRN/A,15-Feb-23,22.23,15,2,2023,46,830,72,71,NA,3,30.3,SY,P,medium,NA,M,X,,EMERALD,Y,Y,Y,Y,N,0,J,B,1,1,1,0,0,36.53908,-87.36114,Montgomery,TN,
271,N,SW,2941-15372,WTSP,W220,RYR/GRN,WHT/A,15-Feb-23,22.23,15,2,2023,46,830,72,76,NA,4,28.0,SY,P,medium,NA,M,X,,EMERALD,Y,Y,Y,Y,N,0,J,U,U,,1,0,0,36.53908,-87.36114,Montgomery,TN,
272,N,SW,2941-15373,WTSP,W221,RYR/GRN,LAV/A,15-Feb-23,22.23,15,2,2023,46,830,71,72,NA,4,29.6,SY,P,medium,NA,M,X,,EMERALD,Y,Y,Y,Y,N,0,J,J,0,0,1,0,0,36.53908,-87.36114,Montgomery,TN,
273,N,SW,2941-15374,WTSP,W222,RYR/ORG,RED/A,15-Feb-23,22.23,15,2,2023,46,1030,71,71,NA,2,27.2,ASY,P,medium,NA,F,X,,EMERALD,Y,Y,Y,Y,N,1,J,B,1,1,1,1,1,36.53908,-87.36114,Montgomery,TN,
274,N,SW,2941-15375,WTSP,W223,RYR/ORG,YEL/A,19-Feb-23,22.23,19,2,2023,50,740,75,77,23.8,1,26.7,SY,P,dull,NA,M,X,,1616EAST,Y,Y,Y,Y,Y,0,J,J,0,0,0,0,0,36.51812,-87.31848,Montgomery,TN,
275,R,SW,2941-15338,WTSP,W192,ORG/LAV,ORG/A,19-Feb-23,22.23,19,2,2023,50,1040,X,X,NA,4,29.2,SY,P,NA,NA,M,X,,1616EAST,Y,Y,N,N,Y,2,B,B,2,,NA,NA,NA,36.51812,-87.31848,Montgomery,TN,
276,N,SW,2941-15379,WTSP,W224,RYR/ORG,ORG/A,7-Mar-23,22.23,7,3,2023,66,1000,71,72,24,0,26.8,SY,P,dull,NA,M,X,,1616EAST,Y,Y,Y,Y,Y,0,J,J,0,0,1,0,0,36.51812,-87.31848,Montgomery,TN,
277,R,SW,2831-20120,WTSP,W050,WL/RED,GRN/A,11-Mar-23,22.23,11,3,2023,70,800,73,73,23.3,1,27.5,ASY,B,medium,NA,M,TS,,1616EAST,Y,Y,N,Y,N,5,B,B,5,,1,1,1,36.51812,-87.31848,Montgomery,TN,bald spot rear of head
278,R,SW,2941-15336,WTSP,W190,LAV/ORG,RED/A,11-Mar-23,22.23,11,3,2023,70,800,73,73,24.4,2,25.7,ASY,p,medium,NA,F,X,,1616EAST,Y,N,N,Y,N,5,B,B,3,,1,1,1,36.51812,-87.31848,Montgomery,TN,
279,N,SW,2941-15381,WTSP,W225,RYR/ORG,DKB/A,11-Mar-23,22.23,11,3,2023,70,800,71,72,24.5,1,25.1,SY,P,medium,NA,F,X,,1616EAST,Y,Y,Y,Y,N,0,J,J,0,0,1,1,0,36.51812,-87.31848,Montgomery,TN,
280,N,SW,2941-15382,WTSP,W226,RYR/ORG,GRN/A,11-Mar-23,22.23,11,3,2023,70,845,74,73,23.1,2,26.9,SY,P,medium,NA,M,X,,1616EAST,Y,Y,Y,Y,N,0,J,J,0,0,1,0,0,36.51812,-87.31848,Montgomery,TN,baffling comment about r age
281,N,SW,2941-15383,WTSP,W227,RYR/ORG,WHT/A,11-Mar-23,22.23,11,3,2023,70,845,70,71,23.1,3,27.2,SY,P,dull,NA,F,X,,1616EAST,Y,Y,Y,Y,N,0,J,J,0,0,0,0,0,36.51812,-87.31848,Montgomery,TN,
282,R,SW,2941-15353,WTSP,W203,RYR/YEL,ORG/A,11-Mar-23,22.23,11,3,2023,70,1000,69,69,22.8,1,24.8,SY,P,dull,NA,F,X,,1616EAST,Y,Y,N,Y,N,2,B,B,2,,0,0,0,36.51812,-87.31848,Montgomery,TN,
283,N,SW,2941-15384,WTSP,W228,RYR/ORG,LAV/A,11-Mar-23,22.23,11,3,2023,70,1000,74,75,23.6,1,26.8,ASY,P,medium,NA,M,X,,1616EAST,Y,Y,Y,Y,N,1,B,B,1,1,1,1,1,36.51812,-87.31848,Montgomery,TN,
284,N,SW,2941-15385,WTSP,W229,RYR/DKB,RED/A,23-Mar-23,22.23,23,3,2023,82,900,69,70,23.3,1,24.4,ASY,P,rich,NA,F,X,,EMERALD,Y,Y,Y,Y,Y,1,B,B,1,1,1,1,1,36.53908,-87.36114,Montgomery,TN,light head molt
285,N,SW,2941-15386,WTSP,W230,RYR/DKB,GRN/A,23-Mar-23,22.23,23,3,2023,82,900,73,76,23.3,1,27.4,SY,P,medium,NA,M,X,,EMERALD,Y,Y,Y,Y,Y,0,J,B,1,1,0,0,0,36.53908,-87.36114,Montgomery,TN,"heavy head, throat molt"
286,N,SW,2941-15387,WTSP,W231,RYR/DKB,ORG/A,23-Mar-23,22.23,23,3,2023,82,930,71,75,24,1,27.1,SY,P,medium,NA,M,X,,EMERALD,Y,Y,Y,Y,Y,0,J,B,1,1,1,0,0,36.53908,-87.36114,Montgomery,TN,"heavy head, throat molt"
287,N,SW,2941-15388,WTSP,W232,RYR/DKB,YEL/A,23-Mar-23,22.23,23,3,2023,82,930,72,72,24.3,2,28.1,SY,P,medium,NA,M,X,,EMERALD,Y,Y,Y,Y,Y,0,J,B,1,1,1,0,0,36.53908,-87.36114,Montgomery,TN,no molt
288,N,SW,2941-15389,WTSP,W233,RYR/DKB,DKB/A,23-Mar-23,22.23,23,3,2023,82,930,70,74,24,3,27.2,SY,P,dull,NA,M,X,,EMERALD,Y,Y,Y,Y,Y,0,J,B,1,1,1,0,0,36.53908,-87.36114,Montgomery,TN,"heavy head, throat molt"
289,N,SW,2941-15390,WTSP,W234,RYR/DKB,WHT/A,28-Mar-23,22.23,28,3,2023,87,800,73,71,23.4,1,26.3,SY,P,medium,NA,M,X,,EMERALD,Y,Y,Y,Y,Y,0,J,B,1,1,1,0,0,36.53908,-87.36114,Montgomery,TN,head molt
290,R,SW,2941-15374,WTSP,W222,RYR/ORG,RED/A,28-Mar-23,22.23,28,3,2023,87,830,X,X,22.9,0,26.0,ASY,P,medium,NA,F,X,,EMERALD,Y,Y,N,N,Y,3,B,B,3,,1,1,1,36.53908,-87.36114,Montgomery,TN,no molt
291,R,SW,2941-15350,WTSP,W201,RYR/YEL,RED/A,28-Mar-23,22.23,28,3,2023,87,830,67,67,NA,1,25.4,SY,P,NA,NA,F,X,,EMERALD,Y,Y,N,Y,Y,2,B,J,0,,1,0,0,36.53908,-87.36114,Montgomery,TN,"moderate molt head, throat"
292,N,SW,2941-15391,WTSP,W235,RYR/DKB,LAV/A,28-Mar-23,22.23,28,3,2023,87,830,68,68,22.6,1,24.9,SY,P,medium,NA,F,X,,EMERALD,Y,Y,Y,Y,Y,0,J,J,0,0,0,0,0,36.53908,-87.36114,Montgomery,TN,"light head, throat molt"
293,N,SW,2941-15392,WTSP,W236,BYB/WHT,RED/A,28-Mar-23,22.23,28,3,2023,87,830,72,76,23.6,1,27.8,AHY,P,medium,NA,M,X,,EMERALD,Y,Y,Y,Y,Y,U,U,U,U,,U,U,U,36.53908,-87.36114,Montgomery,TN,"light head, throat molt"
294,N,SW,2941-15393,WTSP,W237,BYB/WHT,YEL/A,28-Mar-23,22.23,28,3,2023,87,830,68,70,23.7,0,21.0,SY,P,medium,NA,F,X,,EMERALD,Y,Y,Y,Y,Y,0,J,J,0,0,1,0,0,36.53908,-87.36114,Montgomery,TN,no molt
295,R,SW,2941-15351,WTSP,W202,YEL/A,RYR/YEL,28-Mar-23,22.23,28,3,2023,87,915,74,73,NA,2,28.4,SY,P,NA,NA,M,X,,EMERALD,Y,Y,N,N,Y,2,B,B,2,,0,0,0,36.53908,-87.36114,Montgomery,TN,light head molt
296,R,SW,2941-15368,WTSP,W216,RYR/GRN,YEL/A,28-Mar-23,22.23,28,3,2023,87,915,74,75,25,2,27.5,SY,P,NA,NA,M,X,,EMERALD,Y,Y,N,N,Y,2,B,B,2,,0,0,0,36.53908,-87.36114,Montgomery,TN,"light head, moderate throat molt"
297,R,SW,2771-10098,WTSP,W165,YEL/YG,RED/A,28-Mar-23,22.23,28,3,2023,87,915,70,70,NA,2,25.9,SY,P,NA,NA,F,X,,EMERALD,Y,Y,N,N,Y,2,B,B,2,,1,0,0,36.53908,-87.36114,Montgomery,TN,rest of tail juv
298,R,SW,2941-15371,WTSP,W219,RYR/GRN,GRN/A,28-Mar-23,22.23,28,3,2023,87,915,74,72,25,1,27.8,SY,P,medium,NA,M,X,,EMERALD,Y,Y,N,N,Y,2,B,B,3,,1,0,0,36.53908,-87.36114,Montgomery,TN,"moderate molt head, throat"
299,R,SW,2941-15324,WTSP,W184,LAV/ORG,DKB/A,28-Mar-23,22.23,28,3,2023,87,915,73,75,24.9,2,26.5,SY,P,medium,NA,M,X,,EMERALD,Y,Y,N,N,Y,2,B,B,2,,1,0,0,36.53908,-87.36114,Montgomery,TN,"light head, throat molt"
300,N,SW,2941-15394,WTSP,W238,BYB/WHT,LAV/A,28-Mar-23,22.23,28,3,2023,87,930,70,70,23.5,1,24.2,SY,P,medium,NA,F,X,,EMERALD,Y,Y,Y,Y,Y,0,J,J,0,0,1,0,0,36.53908,-87.36114,Montgomery,TN,"light head, throat molt"
301,R,SW,2941-15386,WTSP,W230,RYR/DKB,GRN/A,28-Mar-23,22.23,28,3,2023,87,1010,NA,NA,NA,3,27.7,SY,P,medium,NA,M,X,,EMERALD,N,N,N,N,Y,NA,NA,NA,NA,,NA,NA,NA,36.53908,-87.36114,Montgomery,TN,"heavy head, throat molt"
302,N,SW,2941-15398,WTSP,W239,BYB/WHT,DKB/A,30-Mar-23,22.23,30,3,2023,89,915,70,69,23.9,0,27.5,SY,P,medium,NA,M,X,,EMERALD,Y,Y,Y,Y,Y,0,J,J,0,0,0,0,0,36.53908,-87.36114,Montgomery,TN,"heavy head, throat molt"
303,N,SW,2941-15399,WTSP,W240,BYB/WHT,GRN/A,30-Mar-23,22.23,30,3,2023,89,915,71,69,23.9,1,26.4,SY,P,dull,NA,M,X,,EMERALD,Y,Y,Y,Y,Y,0,J,J,0,0,1,0,0,36.53908,-87.36114,Montgomery,TN,"heavy head, throat molt"
304,N,SW,2941-15400,WTSP,W241,BYB/WHT,WHT/A,30-Mar-23,22.23,30,3,2023,89,915,65,70,22.4,2,23.1,SY,P,medium,NA,F,X,,EMERALD,Y,Y,Y,Y,Y,0,J,B,2,1,0,0,0,36.53908,-87.36114,Montgomery,TN,"no head molt, lighht throat molt"
305,N,SW,1321-20201,WTSP,W242,BYB/DKB,RED/A,30-Mar-23,22.23,30,3,2023,89,915,68,70,23.5,2,22.7,SY,P,medium,NA,F,X,,EMERALD,Y,Y,Y,Y,Y,0,J,J,0,0,0,0,0,36.53908,-87.36114,Montgomery,TN,"heavy head, throat molt"
306,N,SW,1321-20202,WTSP,W243,BYB/DKB,GRN/A,30-Mar-23,22.23,30,3,2023,89,915,71,75,23.5,2,25.3,SY,P,dull,NA,M,X,,EMERALD,Y,Y,Y,Y,Y,0,J,J,0,0,0,0,0,36.53908,-87.36114,Montgomery,TN,"heavy head, throat molt"
307,N,SW,1321-20203,WTSP,W244,BYB/DKB,YEL/A,30-Mar-23,22.23,30,3,2023,89,1040,71,72,23,2,24.9,SY,P,medium,NA,M,X,,EMERALD,Y,Y,Y,Y,Y,0,J,B,2,1,1,0,0,36.53908,-87.36114,Montgomery,TN,"heavy head, throat molt"
308,R,SW,2831-20120,WTSP,W050,WL/RED,GRN/A,7-Apr-23,22.23,7,4,2023,97,720,X,X,23.6,0,26.6,ASY,B,NA,NA,M,TS,,1616EAST,N,N,N,Y,Y,NA,B,B,3,,1,1,1,36.51812,-87.31848,Montgomery,TN,heavy throat molt
309,N,SW,1321-20204,WTSP,W245,BYB/DKB,DKB/A,7-Apr-23,22.23,7,4,2023,97,740,69,72,23.3,0,24.5,SY,P,medium,NA,F,X,,1616EAST,Y,Y,Y,Y,Y,0,J,J,0,0,1,0,0,36.51812,-87.31848,Montgomery,TN,"heavy head, throat molt"
310,N,SW,1321-20205,WTSP,W246,BYB/DKB,WHT/A,7-Apr-23,22.23,7,4,2023,97,740,68,70,23,1,25.7,SY,P,medium,NA,F,X,,1616EAST,Y,Y,Y,Y,Y,0,J,J,0,0,0,0,0,36.51812,-87.31848,Montgomery,TN,"heavy head, throat molt"
311,N,SW,1321-20206,WTSP,W247,BYB/DKB,LAV/A,7-Apr-23,22.23,7,4,2023,97,850,73,70,23,3,26.8,SY,P,medium,NA,M,X,,1616EAST,Y,Y,Y,Y,Y,0,J,J,0,0,1,0,0,36.51812,-87.31848,Montgomery,TN,no molt
312,N,SW,1321-20207,WTSP,W248,BYB/RED,RED/A,7-Apr-23,22.23,7,4,2023,97,850,77,77,24.4,0,29.8,SY,P,dull,NA,M,X,,1616EAST,Y,Y,Y,Y,Y,0,J,J,0,0,1,0,0,36.51812,-87.31848,Montgomery,TN,"heavy head, throat molt"
313,N,SW,1321-20209,WTSP,W249,BYB/RED,YEL/A,7-Apr-23,22.23,7,4,2023,97,935,74,75,24.3,1,26.6,SY,P,dull,NA,M,X,,1616EAST,Y,Y,Y,Y,Y,0,J,J,0,0,1,0,0,36.51812,-87.31848,Montgomery,TN,"moderate molt head, heavy throat molt"
314,N,SW,1321-20211,WTSP,W250,BYB/RED,DKB/A,20-Apr-23,22.23,20,4,2023,110,900,74,76,23.9,2,27.7,SY,P,medium,NA,M,X,,EMERALD,Y,Y,Y,Y,Y,0,J,J,0,0,1,0,0,36.53908,-87.36114,Montgomery,TN,light head and throat molt
315,N,SW,1321-20212,WTSP,W251,BYB/RED,GRN,20-Apr-23,22.23,20,4,2023,110,900,70,72,23.5,2,26.6,SY,P,dull,NA,M,X,,EMERALD,Y,Y,Y,Y,Y,0,J,J,0,0,1,0,0,36.53908,-87.36114,Montgomery,TN,moderate throat molt
316,R,SW,2941-15398,WTSP,W239,BYB/WHT,DKB/A,20-Apr-23,22.23,20,4,2023,110,930,71,70,NA,4,29.8,SY,P,medium,NA,M,X,,EMERALD,N,N,N,Y,Y,NA,NA,NA,NA,,NA,NA,NA,36.53908,-87.36114,Montgomery,TN,no molt
317,N,SW,1321-20213,WTSP,W252,BYB/RED,WHT/A,20-Apr-23,22.23,20,4,2023,110,930,70,70,24.1,5,28.4,SY,P,dull,NA,F,X,,EMERALD,Y,Y,Y,Y,Y,0,J,B,2,1,0,0,0,36.53908,-87.36114,Montgomery,TN,no molt
318,R,SW,2941-15394,WTSP,W238,BYB/WHT,LAV/A,4-May-23,22.23,4,5,2023,124,900,69,69,NA,5,29.2,SY,P,medium,NA,F,X,,EMERALD,Y,N,N,Y,Y,2,B,B,2,,NA,NA,NA,36.53908,-87.36114,Montgomery,TN,no head or throat molt
319,R,SW,2941-15347,WTSP,W198,LAV/RED,ORG/A,4-May-23,22.23,4,5,2023,124,900,68,71,NA,4,27.1,SY,P,rich,NA,F,X,,EMERALD,Y,Y,N,Y,Y,2,B,B,2,,NA,NA,NA,36.53908,-87.36114,Montgomery,TN,no head or throat molt
320,R,SW,2941-15400,WTSP,W241,BYB/WHT,WHT/A,4-May-23,22.23,4,5,2023,124,900,65,70,NA,5,28.9,SY,P,medium,NA,F,X,,EMERALD,N,N,N,Y,Y,NA,NA,NA,NA,,NA,NA,NA,36.53908,-87.36114,Montgomery,TN,no head or throat molt
321,N,SW,1321-20214,WTSP,W253,BYB/RED,LAV/A,4-May-23,22.23,4,5,2023,124,900,70,71,NA,5,31.9,ASY,P,medium,NA,F,X,,EMERALD,Y,Y,Y,Y,Y,1,B,B,1,1,1,1,1,36.53908,-87.36114,Montgomery,TN,no head or throat molt
322,N,SW,1321-20215,WTSP,W254,BYB/GRN,RED/A,4-May-23,22.23,4,5,2023,124,900,66,66,23.1,4,26.0,SY,P,medium,NA,F,X,,EMERALD,Y,Y,Y,Y,Y,0,J,J,0,0,1,0,0,36.53908,-87.36114,Montgomery,TN,no head or throat molt
323,N,SW,1321-20216,WTSP,W255,BYB/GRN,YEL/A,4-May-23,22.23,4,5,2023,124,900,68,71,22.7,4,25.3,SY,P,medium,NA,F,X,,EMERALD,Y,Y,Y,Y,Y,0,J,J,0,0,0,0,0,36.53908,-87.36114,Montgomery,TN,no head or throat molt
324,N,SW,1321-20217,WTSP,W256,BYB/GRN,ORG/A,4-May-23,22.23,4,5,2023,124,900,68,68,23.4,5,31.8,SY,P,dull,NA,F,X,,EMERALD,Y,Y,Y,Y,Y,0,J,B,1,1,0,0,0,36.53908,-87.36114,Montgomery,TN,"light throat molt, no head molt"
325,N,SW,1321-20218,WTSP,W257,BYB/GRN,DKB/A,4-May-23,22.23,4,5,2023,124,900,67,70,23.8,5,27.7,SY,P,dull,NA,F,X,,EMERALD,Y,Y,Y,Y,Y,0,J,B,,1,1,0,0,36.53908,-87.36114,Montgomery,TN,no head or throat molt
326,N,SW,1321-20224,WTSP,W258,BYB/GRN,GRN/A,4-May-23,22.23,4,5,2023,124,1030,71,71,24.5,4,30.3,SY,P,dull,NA,M,X,,EMERALD,Y,Y,Y,Y,Y,0,J,B,1,1,0,0,0,36.53908,-87.36114,Montgomery,TN,no head or throat molt
327,N,SW,1321-20225,WTSP,W259,BYB/GRN,WHT/A,4-May-23,22.23,4,5,2023,124,1030,66,70,23,4,31.2,SY,P,medium,NA,F,X,,EMERALD,Y,Y,Y,Y,Y,0,J,J,0,0,0,0,0,36.53908,-87.36114,Montgomery,TN,no head or throat molt
328,N,SW,1321-20228,WTSP,W260,BYB/GRN,LAV/A,4-May-23,22.23,4,5,2023,124,1120,70,70,23,4,26.0,SY,P,medium,NA,F,X,,EMERALD,Y,Y,Y,Y,Y,0,J,J,0,0,0,0,0,36.53908,-87.36114,Montgomery,TN,no head or throat molt
329,N,SW,1321-20229,WTSP,W261,BYB/GRN,BYB/A,4-May-23,22.23,4,5,2023,124,1120,71,76,22.8,5,30.7,SY,P,medium,NA,M,X,,EMERALD,Y,Y,Y,Y,Y,0,J,B,1,1,1,0,0,36.53908,-87.36114,Montgomery,TN,no head or throat molt
330,N,SW,1321-20232,WTSP,W262,YEL/RED,BYB/A,15-Oct-23,23.24,15,10,2023,288,750,75,76,NA,0,25.9,AHY,p,rich,6,X,X,,1616EAST,Y,Y,Y,Y,N,1,B,B,1,1,1,1,1,36.51812,-87.31848,Montgomery,TN,
331,N,SW,1321-20233,WTSP,W263,YEL/DKB,BYB/A,15-Oct-23,23.24,15,10,2023,288,750,72,70,NA,0,22.2,AHY,p,rich,NA,X,X,,1616EAST,Y,Y,Y,Y,N,1,B,B,1,1,1,1,1,36.51812,-87.31848,Montgomery,TN,
332,N,SW,1321-20239,WTSP,W264,YEL/GRN,BYB/A,22-Oct-23,23.24,22,10,2023,295,655,72,72,NA,1,22.2,AHY,p,medium,NA,X,X,,1616EAST,Y,Y,Y,Y,N,1,B,B,1,1,1,1,1,36.51812,-87.31848,Montgomery,TN,
333,N,SW,1321-20240,WTSP,W265,YEL/WHT,BYB/A,22-Oct-23,23.24,22,10,2023,295,700,69,70,NA,0,22.4,HY,p,medium,NA,X,X,,1616EAST,Y,Y,Y,Y,N,0,J,J,0,0,1,0,0,36.51812,-87.31848,Montgomery,TN,
334,N,SW,1321-20241,WTSP,W266,YEL/LAV,BYB/A,22-Oct-23,23.24,22,10,2023,295,700,70,70,NA,0,22.3,HY,p,dull,NA,X,X,,1616EAST,Y,Y,Y,Y,N,0,J,J,0,0,0,0,0,36.51812,-87.31848,Montgomery,TN,
335,N,SW,1321-20242,WTSP,W267,BYB/A,YEL/RED,22-Oct-23,23.24,22,10,2023,295,700,67,70,NA,0,24.9,HY,p,dull,NA,X,X,,1616EAST,Y,Y,Y,Y,N,0,J,J,0,0,0,0,0,36.51812,-87.31848,Montgomery,TN,
336,N,SW,1321-20243,WTSP,W268,BYB/A,YEL/YEL,22-Oct-23,23.24,22,10,2023,295,700,75,76,NA,3,25.9,HY,p,medium,NA,X,X,,1616EAST,Y,Y,Y,Y,N,0,J,J,0,0,1,0,0,36.51812,-87.31848,Montgomery,TN,
337,N,SW,1321-20244,WTSP,W269,BYB/A,YEL/WHT,22-Oct-23,23.24,22,10,2023,295,700,76,74,NA,1,23.3,AHY,p,rich,NA,X,X,,1616EAST,Y,Y,Y,Y,N,1,B,B,1,1,1,1,1,36.51812,-87.31848,Montgomery,TN,orange lores
338,N,SW,1321-20245,WTSP,W270,BYB/A,YEL/GRN,22-Oct-23,23.24,22,10,2023,295,700,75,73,NA,2,23.9,AHY,p,rich,NA,X,X,,1616EAST,Y,Y,Y,Y,N,1,B,B,1,1,1,1,1,36.51812,-87.31848,Montgomery,TN,
339,N,SW,1321-20246,WTSP,W271,BYB/A,YEL/LAV,22-Oct-23,23.24,22,10,2023,295,700,77,77,NA,2,23.9,AHY,p,rich,NA,X,X,,1616EAST,Y,Y,Y,Y,N,1,B,B,1,1,1,1,1,36.51812,-87.31848,Montgomery,TN,
340,N,SW,1321-20247,WTSP,W272,BYB/A,YEL/DKB,22-Oct-23,23.24,22,10,2023,295,700,73,72,NA,1,22.0,HY,p,dull,NA,X,X,,1616EAST,Y,Y,Y,Y,N,0,J,J,0,0,1,0,0,36.51812,-87.31848,Montgomery,TN,
341,N,SW,1321-20248,WTSP,W273,BYB/A,RED/RED,22-Oct-23,23.24,22,10,2023,295,700,67,67,NA,3,22.5,HY,p,dull,NA,X,X,,1616EAST,Y,Y,Y,Y,N,0,J,J,0,0,0,0,0,36.51812,-87.31848,Montgomery,TN,
342,N,SW,1321-20249,WTSP,W274,BYB/A,RED/YEL,3-Nov-23,23.24,3,11,2023,307,930,70,69,NA,1,24.6,HY,p,dull,NA,X,X,,EMERALD,Y,Y,Y,Y,Y,0,J,J,0,0,1,0,0,36.53908,-87.36114,Montgomery,TN,
343,N,SW,1321-20250,WTSP,W275,BYB/A,RED/WHT,3-Nov-23,23.24,3,11,2023,307,930,68,68,NA,0,24.3,HY,p,dull,NA,X,X,,EMERALD,Y,Y,Y,Y,Y,0,J,J,0,0,1,0,0,36.53908,-87.36114,Montgomery,TN,
344,N,SW,1321-20251,WTSP,W276,BYB/A,RED/GRN,3-Nov-23,23.24,3,11,2023,307,1010,68,71,NA,0,24.1,HY,p,dull,NA,X,X,,EMERALD,Y,Y,Y,Y,Y,0,J,J,0,0,1,0,0,36.53908,-87.36114,Montgomery,TN,
345,N,SW,1321-20252,WTSP,W277,BYB/A,RED/LAV,3-Nov-23,23.24,3,11,2023,307,1010,70,72,NA,1,23.9,HY,p,dull,NA,X,X,,EMERALD,Y,Y,Y,Y,N,0,J,J,0,0,0,0,0,36.53908,-87.36114,Montgomery,TN,
346,N,SW,1321-20254,WTSP,W278,BYB/A,RED/DKB,10-Nov-23,23.24,10,11,2023,314,930,69,71,NA,2,25.0,HY,p,dull,NA,X,X,,EMERALD,Y,Y,Y,Y,N,0,J,J,0,0,1,0,0,36.53908,-87.36114,Montgomery,TN,
347,N,SW,1321-20255,WTSP,W279,BWB/A,YEL/RED,10-Nov-23,23.24,10,11,2023,314,930,68,69,NA,0,23.8,HY,p,dull,NA,X,X,,EMERALD,Y,Y,Y,Y,N,0,J,J,0,0,0,0,0,36.53908,-87.36114,Montgomery,TN,
348,N,SW,1321-20256,WTSP,W280,BWB/A,YEL/YEL,10-Nov-23,23.24,10,11,2023,314,930,74,75,NA,0,27.5,HY,p,dull,NA,X,X,,EMERALD,Y,Y,Y,Y,N,0,J,J,0,0,0,0,0,36.53908,-87.36114,Montgomery,TN,
349,N,SW,1321-20257,WTSP,W281,BWB/A,YEL/WHT,10-Nov-23,23.24,10,11,2023,314,930,76,76,NA,1,28.4,HY,p,medium,NA,X,X,,EMERALD,Y,Y,Y,Y,N,0,J,J,0,0,1,0,0,36.53908,-87.36114,Montgomery,TN,
350,N,SW,1321-20258,WTSP,W282,BWB/A,YEL/GRN,10-Nov-23,23.24,10,11,2023,314,930,72,74,NA,0,24.6,HY,p,dull,NA,X,X,,EMERALD,Y,Y,Y,Y,N,0,J,J,0,0,0,0,0,36.53908,-87.36114,Montgomery,TN,
351,N,SW,1321-20259,WTSP,W283,BWB/A,YEL/LAV,10-Nov-23,23.24,10,11,2023,314,930,68,71,NA,3,25.2,HY,p,dull,NA,X,X,,EMERALD,Y,Y,Y,Y,N,0,J,J,0,0,1,0,0,36.53908,-87.36114,Montgomery,TN,
352,N,SW,1321-20260,WTSP,W284,BWB/A,YEL/DKB,10-Nov-23,23.24,10,11,2023,314,1000,73,76,NA,1,26.6,HY,p,medium,NA,X,X,,EMERALD,Y,Y,Y,Y,N,0,J,J,0,0,0,0,0,36.53908,-87.36114,Montgomery,TN,